reaction, a0, a1, a2, a3, a4, a5, a6
1, -3.478630e+01, 0.000000e+00, -3.511930e+00, 3.100860e+00, -1.983140e-01, 1.262510e-02, -1.025170e+00
2, 2.477880e+01, 0.000000e+00, -1.227700e+01, -1.036990e-01, -6.499670e-02, 1.681910e-02, -6.666670e-01
3, 1.770750e+01, 0.000000e+00, -1.282710e+01, -3.812600e+00, 9.422850e-02, -3.010180e-03, 1.333330e+00
3, 1.560990e+01, 0.000000e+00, -1.282710e+01, -3.082250e-02, -6.546850e-01, 8.963310e-02, -6.666670e-01
4, 7.733990e+00, -7.345000e+00, 0.000000e+00, 0.000000e+00, 0.000000e+00, 0.000000e+00, -1.500000e+00
4, 1.253150e+01, 0.000000e+00, -1.026400e+01, -2.034720e-01, 1.210830e-01, -7.000630e-03, -6.666670e-01
5, 1.714820e+01, 0.000000e+00, -1.369200e+01, -2.308810e-01, 4.443620e+00, -3.158980e+00, -6.666670e-01
5, 1.754280e+01, -3.778490e+00, -5.107350e+00, -2.241110e+00, 1.488830e-01, 0.000000e+00, -1.500000e+00
6, 6.735780e+00, -4.891000e+00, 0.000000e+00, 0.000000e+00, 0.000000e+00, 0.000000e+00, 6.820000e-02
6, 7.654440e+00, -2.998000e+00, 0.000000e+00, 0.000000e+00, 0.000000e+00, 0.000000e+00, -1.500000e+00
6, 2.011690e+01, 0.000000e+00, -1.519300e+01, -4.639750e+00, 9.734580e+00, -9.550510e+00, 3.333330e-01
6, 1.701000e+01, 0.000000e+00, -1.519300e+01, -1.619540e-01, -7.521230e+00, -9.875650e-01, -6.666670e-01
7, 2.546340e+02, -1.840970e+00, 1.034110e+02, -4.205670e+02, 6.408740e+01, -1.246240e+01, 1.373030e+02
7, 6.965260e+01, -1.392540e+00, 5.891280e+01, -1.482730e+02, 9.083240e+00, -5.410410e-01, 7.035540e+01
