logM, logM_e, logR, logg, logT, logL
-0.9363, 0.0116, -0.3648, 4.2310, 3.4830, -1.8420
-0.9763, 0.0111, -0.3730, 4.2070, 3.4830, -1.8610
-0.7597, 0.0032, -0.6893, 5.0570, 3.4760, -9.9900
-0.7590, 0.0032, -0.6639, 5.0070, 3.4770, -9.9900
-0.7525, 0.0010, -0.4622, 4.6100, 3.4920, -9.9900
-0.7528, 0.0007, -0.4609, 4.6070, 3.4920, -9.9900
-0.6478, 0.0006, -0.6003, 4.9908, 3.4960, -2.2580
-0.6776, 0.0006, -0.6243, 5.0091, 3.4940, -2.3130
-0.6286, 0.0011, -0.5943, 4.9980, 3.5100, -2.1940
-0.6834, 0.0013, -0.6354, 5.0260, 3.5010, -2.3120
-0.4694, 0.0026, -0.0588, 4.0859, 3.5150, -1.1050
-0.4864, 0.0027, -0.0770, 4.1053, 3.5130, -1.1460
-0.4038, 0.0025, -0.4134, 4.8610, 3.4860, -1.9200
-0.5615, 0.0019, -0.5261, 4.9290, 3.4700, -2.2100
-0.4031, 0.0022, -0.4401, 4.9150, 3.5130, -1.8630
-0.6782, 0.0029, -0.5654, 4.8910, 3.4940, -2.3000
-0.4003, 0.0036, -0.3939, 4.8260, 3.5280, -1.7200
-0.6488, 0.0035, -0.5592, 4.9080, 3.5090, -2.1200
-0.3607, 0.0008, -0.3648, 4.8040, 3.5000, -1.7780
-0.3982, 0.0015, -0.4080, 4.8540, 3.4950, -1.8840
-0.3487, 0.0010, -0.3422, 4.7740, 3.5040, -1.7150
-0.5653, 0.0067, -0.5357, 4.9442, 3.4910, -2.1510
-0.3288, 0.0019, -0.3556, 4.8200, 3.5390, -1.6000
-0.4179, 0.0023, -0.4271, 4.8740, 3.5210, -1.8200
-0.3036, 0.0044, -0.1811, 4.4960, 3.5180, -1.3370
-0.6882, 0.0042, -0.3726, 4.4960, 3.4780, -1.8790
-0.3019, 0.0017, -0.3401, 4.8160, 3.5720, -1.4400
-0.3536, 0.0020, -0.3696, 4.8240, 3.5600, -1.5500
-0.2782, 0.0016, -0.2967, 4.7530, 3.5220, -1.5500
-0.3089, 0.0018, -0.3270, 4.7830, 3.5150, -1.6400
-0.2616, 0.0028, -0.2760, 4.7300, 3.5580, -1.3700
-0.2977, 0.0034, -0.2826, 4.7220, 3.5540, -1.4000
-0.2464, 0.0015, -0.2581, 4.7080, 3.5930, -1.1900
-0.2741, 0.0016, -0.2741, 4.7120, 3.5810, -1.2700
-0.2336, 0.0015, -0.2518, 4.7080, 3.5720, -1.2600
-0.2644, 0.0016, -0.2899, 4.7530, 3.5580, -1.4000
-0.2291, 0.0147, -0.2218, 4.6500, 3.6050, -1.0700
-0.1871, 0.0134, -0.2366, 4.7200, 3.6260, -1.0100
-0.2237, 0.0034, -0.2079, 4.6300, 3.5820, -1.1340
-0.2212, 0.0034, -0.2193, 4.6550, 3.5820, -1.1340
-0.2147, 0.0050, -0.2055, 4.6340, 3.5930, -1.0900
-0.2226, 0.0044, -0.2076, 4.6300, 3.5810, -1.1400
-0.1937, 0.0035, -0.1630, 4.5700, 3.6280, -0.8630
-0.1864, 0.0035, -0.1726, 4.5970, 3.6130, -0.9390
-0.1931, 0.0040, -0.1846, 4.5900, 3.6480, -9.9900
-0.1884, 0.0039, -0.1926, 4.6000, 3.6490, -9.9900
-0.1613, 0.0022, -0.1878, 4.6527, 3.6480, -9.9900
-0.6934, 0.0015, -0.6455, 5.0358, 3.5190, -9.9900
-0.1531, 0.0028, -0.1586, 4.6000, 3.6240, -0.8080
-0.1629, 0.0031, -0.1555, 4.5850, 3.6110, -0.9090
-0.1463, 0.0024, -0.1146, 4.5210, 3.7110, -9.9900
-0.1574, 0.0025, -0.1238, 4.5280, 3.7050, -9.9900
-0.1391, 0.0090, 0.0026, 4.2940, 3.7960, 0.1400
-0.2557, 0.0063, -0.2774, 4.7370, 3.7010, -0.7990
-0.1349, 0.0030, -0.1427, 4.6080, 3.6230, -0.8670
-0.1791, 0.0033, -0.1675, 4.6140, 3.5960, -1.0280
-0.1335, 0.0034, -0.0106, 4.3300, 3.5740, -0.7720
-0.1752, 0.0029, -0.0259, 4.3100, 3.5620, -0.8510
-0.1158, 0.0079, -0.1209, 4.5640, 3.6990, -0.4900
-0.1911, 0.0081, -0.1290, 4.5050, 3.6270, -0.8000
-0.1155, 0.0030, -0.0627, 4.4440, 3.7840, -0.0360
-0.1380, 0.0029, -0.0929, 4.4830, 3.7720, -0.1460
-0.1067, 0.0030, -0.1029, 4.5800, 3.6950, -9.9900
-0.1231, 0.0030, -0.1268, 4.5600, 3.6860, -9.9900
-0.1056, 0.0025, -0.0293, 4.3880, 3.7900, 0.0530
-0.1283, 0.0025, -0.0810, 4.4690, 3.7740, -0.1150
-0.1040, 0.0066, -0.1035, 4.5400, 3.6230, -0.7600
-0.1135, 0.0051, -0.0878, 4.5000, 3.6180, -0.7500
-0.0950, 0.0046, 0.0596, 4.2210, 3.7850, 0.2100
-0.2182, 0.0032, -0.2140, 4.6450, 3.6820, -0.7470
-0.0947, 0.0027, 0.3448, 3.6540, 3.7720, 0.7310
-0.1778, 0.0013, -0.1593, 4.5880, 3.7440, -0.2400
-0.0937, 0.0038, 0.0846, 4.1750, 3.7930, 0.2940
-0.1649, 0.0019, -0.1630, 4.5990, 3.7450, -0.3870
-0.0894, 0.0027, -0.1469, 4.6420, 3.7260, -0.4400
-0.1226, 0.0023, -0.1713, 4.6580, 3.6760, -0.5400
-0.0854, 0.0031, 0.0310, 4.2910, 3.7870, 0.1640
-0.1379, 0.0028, -0.1363, 4.5730, 3.7590, -0.2810
-0.0794, 0.0089, -0.0731, 4.5060, 3.6770, -0.4820
-0.1530, 0.0080, -0.1439, 4.5740, 3.6250, -0.8400
-0.0790, 0.0033, 0.1223, 4.1140, 3.7890, 0.3560
-0.0998, 0.0026, -0.0013, 4.3410, 3.7850, 0.0930
-0.0789, 0.0019, -0.0716, 4.5030, 3.7260, -0.2780
-0.0820, 0.0021, -0.0794, 4.5150, 3.7080, -0.3650
-0.0646, 0.0024, 0.0731, 4.2270, 3.7800, 0.2170
-0.0826, 0.0024, 0.0019, 4.3520, 3.7750, 0.0570
-0.0574, 0.0024, 0.1189, 4.1430, 3.7750, 0.2920
-0.0661, 0.0030, 0.0651, 4.2420, 3.7770, 0.1930
-0.0517, 0.0025, 0.0122, 4.3623, 3.7490, -0.0270
-0.0918, 0.0024, -0.1045, 4.5556, 3.7160, -0.3870
-0.0458, 0.0092, 0.0017, 4.3890, 3.7280, -0.1300
-0.0560, 0.0084, -0.0590, 4.5000, 3.7160, -0.3000
-0.0400, 0.0062, -0.0362, 4.4700, 3.7020, -0.3100
-0.0851, 0.0085, -0.0701, 4.4940, 3.6710, -0.5000
-0.0325, 0.0028, 0.0741, 4.2570, 3.7600, 0.1400
-0.0605, 0.0020, -0.0159, 4.4090, 3.7450, -0.1000
-0.0298, 0.0036, 1.1149, 2.1790, 3.6650, 1.8310
-0.0789, 0.0022, -0.0022, 4.3660, 3.7800, 0.0600
-0.0297, 0.0079, 0.0245, 4.3600, 3.7530, -9.9900
-0.3883, 0.0053, -0.3893, 4.8290, 3.5550, -9.9900
-0.0290, 0.0017, -0.0534, 4.5160, 3.7530, -0.1410
-0.1551, 0.0014, -0.1859, 4.6550, 3.6790, -0.7000
-0.0269, 0.0055, -0.0506, 4.5120, 3.7210, -0.2600
-0.0915, 0.0070, -0.0757, 4.5050, 3.6740, -0.5100
-0.0250, 0.0046, -0.0794, 4.5710, 3.7420, -9.9900
-0.7097, 0.0045, -0.6676, 5.0630, 3.5090, -9.9900
-0.0203, 0.0019, 0.0119, 4.3942, 3.7640, 0.0360
-0.0918, 0.0019, -0.1103, 4.5669, 3.7130, -0.4140
-0.0203, 0.0043, 0.9224, 2.5730, 3.6860, 1.5420
-0.0193, 0.0027, 0.4901, 3.4385, 3.7210, 0.8190
-0.0195, 0.0073, 0.1424, 4.1300, 3.8030, -9.9900
-0.0762, 0.0062, -0.0101, 4.3800, 3.7730, -9.9900
-0.0195, 0.0055, -0.0013, 4.4210, 3.7400, -0.0900
-0.1713, 0.0032, -0.1612, 4.5890, 3.5990, -0.9600
-0.0191, 0.0064, -0.0287, 4.4760, 3.7510, -0.0760
-0.4660, 0.0038, -0.4711, 4.9140, 3.5260, -1.8540
-0.0157, 0.0020, 0.0812, 4.2592, 3.7809, 0.2380
-0.2844, 0.0013, -0.2983, 4.7496, 3.5840, -1.3090
-0.0137, 0.0054, 1.2235, 1.9780, 3.6270, 1.9100
-0.0074, 0.0053, 1.3436, 1.7440, 3.6110, 2.0800
-0.0132, 0.0045, 1.2014, 2.0200, 3.6970, 2.1490
-0.0132, 0.0045, 1.3997, 1.6300, 3.6790, 2.4680
-0.0110, 0.0022, -0.0200, 4.4670, 3.7650, -0.0200
-0.2048, 0.0014, -0.2526, 4.7380, 3.6070, -1.0500
-0.0088, 0.0044, 0.0056, 4.4170, 3.7570, -0.0100
-0.0088, 0.0044, 0.0030, 4.4220, 3.7560, -0.0200
-0.0083, 0.0053, 0.0257, 4.3790, 3.7540, -0.0120
-0.1776, 0.0031, -0.1669, 4.5940, 3.6280, -0.8670
-0.0059, 0.0015, -0.0306, 4.4930, 3.7100, -9.9900
0.1527, 0.0014, 0.1796, 4.2320, 3.8120, 0.5500
-0.0057, 0.0040, 0.1176, 4.1970, 3.7640, -9.9900
-0.1068, 0.0050, -0.0947, 4.5210, 3.7020, -9.9900
-0.0020, 0.0014, 0.0418, 4.3524, 3.7480, -9.9900
-0.0318, 0.0015, -0.0129, 4.4319, 3.7350, -9.9900
0.0016, 0.0029, -0.0088, 4.4570, 3.7770, 0.0160
-0.2251, 0.0016, -0.2311, 4.6760, 3.5890, -1.1540
0.0039, 0.0065, 0.1268, 4.1900, 3.6500, -0.1930
-0.1361, 0.0048, 0.0273, 4.2500, 3.5580, -0.7610
0.0086, 0.0043, 0.0390, 4.3680, 3.7750, 0.1300
-0.1643, 0.0032, -0.2020, 4.6790, 3.6290, -0.7800
0.0105, 0.0010, -0.0348, 4.5180, 3.7520, -9.9900
-0.1292, 0.0009, -0.1314, 4.5710, 3.6330, -9.9900
0.0124, 0.0106, 0.1514, 4.1480, 3.7886, 0.4060
-0.7055, 0.0066, -0.6676, 5.0680, 3.5200, -2.2670
0.0128, 0.0042, 0.5536, 3.3420, 3.6850, -9.9900
-0.0044, 0.0044, 0.1886, 4.0560, 3.8010, -9.9900
0.0137, 0.0055, 0.1011, 4.2940, 3.7600, 0.1970
-0.0141, 0.0054, 0.0693, 4.2850, 3.7540, 0.1070
0.0144, 0.0025, -0.0094, 4.4711, 3.7700, 0.0160
0.0649, 0.0030, 0.0830, 4.3370, 3.7900, 0.2810
0.0150, 0.0023, 0.0302, 4.3927, 3.8120, -9.9900
-0.0127, 0.0017, 0.0044, 4.4166, 3.8060, -9.9900
0.0170, 0.0029, 0.0674, 4.3200, 3.7540, 0.1100
-0.1605, 0.0019, -0.1811, 4.6400, 3.6150, -0.9100
0.0183, 0.0058, -0.0269, 4.5170, 3.7630, -0.0550
-0.0061, 0.0066, -0.0264, 4.4910, 3.7590, -0.0710
0.0203, 0.0013, 0.0651, 4.3284, 3.7720, 0.1730
0.0089, 0.0009, 0.0385, 4.3703, 3.7680, 0.1070
0.0220, 0.0021, 0.0077, 4.4440, 3.7710, 0.0500
-0.0685, 0.0015, -0.0809, 4.5320, 3.6990, -0.4100
0.0224, 0.0033, 0.6415, 3.1770, 3.7030, -9.9900
0.0199, 0.0029, 0.3462, 3.7660, 3.7150, -9.9900
0.0253, 0.0082, 1.2849, 1.8930, 3.6280, 2.0300
-0.0039, 0.0079, 1.4770, 1.4800, 3.6000, 2.3100
0.0327, 0.0008, 0.0233, 4.4247, 3.7730, 0.0910
0.0278, 0.0010, 0.0179, 4.4303, 3.7690, 0.0660
0.0334, 0.0056, 0.0899, 4.2900, 3.8250, -9.9900
0.0792, 0.0065, 0.3909, 3.7400, 3.7840, -9.9900
0.0339, 0.0012, 0.1600, 4.1520, 3.7640, 0.3320
0.0315, 0.0012, 0.1527, 4.1640, 3.7650, 0.3200
0.0350, 0.0104, 0.1418, 4.1895, 3.7828, 0.3701
-0.5817, 0.0066, -0.5622, 4.9790, 3.5039, -2.1520
0.0361, 0.0016, 0.1452, 4.1840, 3.7520, -9.9900
-0.0822, 0.0012, -0.1072, 4.5698, 3.6830, -9.9900
0.0374, 0.0040, 0.0969, 4.2860, 3.7750, 0.2450
-0.0177, 0.0090, -0.0269, 4.4730, 3.7450, -0.1180
0.0386, 0.0060, 1.2567, 1.9630, 3.6250, 1.9640
0.0512, 0.0054, 1.4742, 1.5410, 3.5990, 2.2970
0.0400, 0.0016, 0.1495, 4.1790, 3.7670, 0.3200
0.0052, 0.0012, 0.0439, 4.3550, 3.7560, 0.0500
0.0406, 0.0071, 0.1209, 4.2400, 3.7820, 0.3200
-0.5114, 0.0042, -0.5100, 4.9500, 3.5221, -2.0400
0.0410, 0.0028, 0.1596, 4.1600, 3.7677, 0.3730
0.0314, 0.0028, 0.1498, 4.1700, 3.7795, 0.3710
0.0415, 0.0007, 0.1087, 4.2620, 3.7730, 0.2620
0.0283, 0.0008, 0.0802, 4.3060, 3.7670, 0.1820
0.0421, 0.0002, 0.0381, 4.4040, 3.7820, 0.1590
0.0425, 0.0003, 0.0407, 4.3990, 3.7820, 0.1640
0.0457, 0.0059, 0.0298, 4.4240, 3.7850, -9.9900
-0.1261, 0.0029, -0.1469, 4.6070, 3.6730, -9.9900
0.0473, 0.0026, 0.1123, 4.2600, 3.7791, 0.2900
-0.3561, 0.0015, -0.3758, 4.8329, 3.5347, -1.6620
0.0496, 0.0050, 0.0711, 4.3460, 3.7880, 0.2480
-0.1349, 0.0030, -0.1938, 4.6900, 3.6530, -0.8180
0.0548, 0.0012, 0.0223, 4.4482, 3.7710, 0.0830
0.0508, 0.0017, 0.0250, 4.4388, 3.7670, 0.0710
0.0549, 0.0033, 0.1574, 4.1780, 3.7750, 0.3700
-0.0154, 0.0023, 0.0315, 4.3600, 3.7220, -0.0950
0.0551, 0.0009, 0.0960, 4.3012, 3.7780, 0.2590
0.0408, 0.0019, 0.0606, 4.3576, 3.7730, 0.1700
0.0554, 0.0011, 0.2148, 4.0640, 3.7970, -9.9900
0.0026, 0.0009, 0.0453, 4.3500, 3.7950, -9.9900
0.0599, 0.0117, 1.0913, 2.3150, 3.6320, 1.6670
0.0615, 0.0045, 1.5227, 1.4540, 3.5830, 2.3190
0.0624, 0.0016, 0.2634, 3.9740, 3.8010, 0.6850
-0.1061, 0.0016, -0.1372, 4.6070, 3.7320, -0.3920
0.0648, 0.0034, 0.1483, 4.2060, 3.7480, 0.2430
0.0674, 0.0037, 0.1480, 4.2100, 3.7490, 0.2460
0.0655, 0.0007, 0.1271, 4.2490, 3.7810, 0.3320
0.0570, 0.0006, 0.1055, 4.2840, 3.7780, 0.2790
0.0660, 0.0005, 0.1374, 4.2290, 3.8040, 0.4440
-0.0404, 0.0003, -0.0434, 4.4850, 3.7450, -0.1550
0.0664, 0.0009, 0.0363, 4.4310, 3.7828, 0.1570
-0.3188, 0.0005, -0.3421, 4.8027, 3.5474, -1.5420
0.0667, 0.0048, 0.2519, 4.0010, 3.8070, 0.7000
0.0580, 0.0049, 0.2177, 4.0610, 3.8070, 0.6190
0.0682, 0.0074, 1.1461, 2.2131, 3.6530, -9.9900
0.0453, 0.0043, 0.2420, 3.9990, 3.7850, -9.9900
0.0693, 0.0041, 0.0674, 4.3720, 3.7830, 0.2200
0.0504, 0.0035, 0.0402, 4.4080, 3.7710, 0.1200
0.0700, 0.0063, 0.2510, 4.0060, 3.7830, -9.9900
0.0711, 0.0055, 0.9050, 2.6990, 3.6870, -9.9900
0.0013, 0.0037, 0.0449, 4.3493, 3.7940, -9.9900
0.0759, 0.0062, 0.2030, 4.1080, 3.7780, 0.4740
0.0633, 0.0064, 0.2038, 4.0930, 3.7770, 0.4720
0.0766, 0.0036, 0.1329, 4.2493, 3.7820, 0.3490
0.0681, 0.0030, 0.1183, 4.2695, 3.7800, 0.3110
0.0769, 0.0003, 0.2565, 4.0020, 3.7965, 0.6540
0.0948, 0.0003, 0.4673, 3.5981, 3.7086, 0.7360
0.0770, 0.0029, 0.2258, 4.0630, 3.7640, 0.4490
0.0326, 0.0028, 0.0885, 4.2940, 3.7820, 0.2600
0.0773, 0.0003, 0.1199, 4.2755, 3.7953, 0.3760
0.0143, 0.0003, -0.0032, 4.4587, 3.7663, 0.0130
0.0829, 0.0027, 0.0948, 4.3310, 3.7960, 0.3300
-0.0217, 0.0018, -0.0458, 4.5080, 3.7400, -0.1800
0.0866, 0.0040, 0.2529, 4.0180, 3.7930, -9.9900
-0.0142, 0.0018, -0.0149, 4.4534, 3.7610, -9.9900
0.0874, 0.0005, 0.1294, 4.2720, 3.7920, 0.3800
0.0747, 0.0005, 0.1052, 4.3060, 3.7890, 0.3200
0.0884, 0.0009, 0.1484, 4.2300, 3.8150, 0.4500
0.0890, 0.0010, 0.1471, 4.2332, 3.8150, 0.4500
0.0888, 0.0025, 0.1464, 4.2340, 3.7900, 0.4100
0.0864, 0.0021, 0.1520, 4.2210, 3.7860, 0.4000
0.0920, 0.0070, 0.1458, 4.2400, 3.7950, -9.9900
0.0358, 0.0072, 0.0406, 4.3810, 3.7750, -9.9900
0.0926, 0.0003, 0.1407, 4.2492, 3.7820, -9.9900
0.0799, 0.0003, 0.1186, 4.2808, 3.7770, -9.9900
0.0948, 0.0028, 0.1265, 4.2800, 3.7890, 0.3600
-0.0241, 0.0028, -0.0195, 4.4530, 3.7150, -0.2270
0.0973, 0.0052, 0.2097, 4.1160, 3.7980, -9.9900
-0.0237, 0.0046, -0.0328, 4.4800, 3.7480, -9.9900
0.0976, 0.0062, 0.1611, 4.2140, 3.8130, 0.5550
0.0273, 0.0053, 0.0204, 4.4240, 3.7770, 0.1030
0.0983, 0.0048, 0.8736, 2.7892, 3.7520, -9.9900
-0.0897, 0.0027, -0.1253, 4.5990, 3.7560, -9.9900
0.0987, 0.0027, 0.1054, 4.3259, 3.8129, 0.4150
0.0859, 0.0025, 0.0850, 4.3539, 3.8062, 0.3470
0.1004, 0.0069, 0.1072, 4.3240, 3.8130, 0.4200
-0.1765, 0.0052, -0.2168, 4.6950, 3.6070, -0.9400
0.1028, 0.0014, 0.2066, 4.1430, 3.8020, -9.9900
0.0959, 0.0017, 0.1915, 4.1670, 3.8160, -9.9900
0.1035, 0.0012, 0.3014, 3.9384, 3.7550, 0.5760
0.0833, 0.0011, 0.1793, 4.1623, 3.7570, 0.3440
0.1035, 0.0058, 0.1694, 4.2028, 3.8310, 0.6160
-0.1225, 0.0034, -0.1407, 4.5970, 3.7010, -0.5230
0.1036, 0.0004, 0.1491, 4.2430, 3.8100, 0.4940
0.0528, 0.0005, 0.0518, 4.3870, 3.7880, 0.2120
0.1041, 0.0021, 0.1186, 4.3050, 3.8090, 0.4800
0.0592, 0.0027, 0.0461, 4.4050, 3.7990, 0.2400
0.1053, 0.0012, 0.1120, 4.3194, 3.8230, 0.4340
0.0996, 0.0010, 0.1016, 4.3343, 3.8160, 0.3990
0.1062, 0.0058, 0.1059, 4.3320, 3.8270, 0.4700
0.0867, 0.0057, 0.0828, 4.3590, 3.8170, 0.3900
0.1062, 0.0015, 0.0911, 4.3623, 3.8170, 0.4030
0.0973, 0.0015, 0.0775, 4.3805, 3.8130, 0.3580
0.1079, 0.0030, 0.4467, 3.6530, 3.7160, 0.7100
0.0973, 0.0038, 0.3113, 3.9130, 3.7780, 0.6900
0.1079, 0.0051, 0.2082, 4.1290, 3.7910, 0.5330
-0.0308, 0.0032, -0.0114, 4.4300, 3.7240, -0.1730
0.1099, 0.0057, 0.2103, 4.1290, 3.7940, -9.9900
-0.0600, 0.0040, -0.0472, 4.4730, 3.7030, -9.9900
0.1102, 0.0021, 0.1427, 4.2626, 3.8130, 0.4920
0.0905, 0.0018, 0.1199, 4.2887, 3.8060, 0.4190
0.1103, 0.0025, 0.2373, 4.0740, 3.7880, 0.5800
0.1019, 0.0025, 0.2289, 4.0822, 3.7900, 0.5720
0.1109, 0.0014, 0.2146, 4.1189, 3.7778, 0.4930
-0.2298, 0.0015, -0.2294, 4.6663, 3.5505, -1.3060
0.1109, 0.0040, 0.1066, 4.3356, 3.8100, 0.4060
0.0766, 0.0033, 0.0501, 4.4145, 3.7900, 0.2160
0.1139, 0.0067, 0.2632, 4.0250, 3.7780, 0.5900
-0.2062, 0.0042, -0.2255, 4.6820, 3.5990, -1.1400
0.1156, 0.0050, 0.1490, 4.2559, 3.8220, 0.5390
0.1086, 0.0058, 0.1462, 4.2544, 3.8210, 0.5300
0.1159, 0.0027, 0.1729, 4.2080, 3.8220, 0.5900
0.1436, 0.0025, 0.2509, 4.0800, 3.8210, 0.7400
0.1159, 0.0050, 0.2284, 4.0980, 3.8010, 0.6140
0.0752, 0.0066, 0.1153, 4.2450, 3.7850, 0.3230
0.1164, 0.0007, 0.1855, 4.1830, 3.8180, 0.5990
0.1804, 0.0006, 0.3738, 3.8710, 3.8080, 0.9340
0.1167, 0.0017, 0.2853, 3.9836, 3.8104, 0.7660
0.0373, 0.0014, 0.0724, 4.3297, 3.8016, 0.3050
0.1187, 0.0002, 0.2107, 4.1350, 3.8060, 0.6000
0.1039, 0.0001, 0.1785, 4.1850, 3.8050, 0.5330
0.1208, 0.0029, 0.1374, 4.2840, 3.8080, 0.4600
0.0194, 0.0019, 0.0896, 4.2779, 3.6570, -0.2370
0.1220, 0.0031, 0.1918, 4.1765, 3.8290, 0.6530
0.1212, 0.0026, 0.1907, 4.1778, 3.8290, 0.6510
0.1222, 0.0016, 0.2281, 4.1040, 3.8290, 0.7280
0.0212, 0.0025, 0.1772, 4.1050, 3.7820, 0.4360
0.1225, 0.0010, 0.1962, 4.1680, 3.8170, -9.9900
0.1967, 0.0008, 0.5081, 3.6190, 3.7580, -9.9900
0.1242, 0.0003, 0.2014, 4.1700, 3.8280, -9.9900
0.0801, 0.0003, 0.1553, 4.2300, 3.8150, -9.9900
0.1281, 0.0032, 0.4175, 3.7310, 3.7620, 0.8380
0.1332, 0.0029, 0.4692, 3.6320, 3.7100, 0.7360
0.1281, 0.0031, 0.2185, 4.1268, 3.8120, 0.6270
-0.1719, 0.0025, -0.2028, 4.6692, 3.6419, -0.9350
0.1282, 0.0002, 0.1287, 4.3090, 3.8150, 0.4730
0.1317, 0.0002, 0.1449, 4.2800, 3.8170, 0.5130
0.1287, 0.0100, 0.1915, 4.1840, 3.8268, 0.6580
-0.2396, 0.0075, -0.2255, 4.6500, 3.5423, -1.1760
0.1290, 0.0077, 0.3581, 3.8500, 3.8080, 0.9010
0.1514, 0.0067, 0.3893, 3.8100, 3.8020, 0.9390
0.1294, 0.0035, 0.3400, 3.8880, 3.8170, -9.9900
0.1508, 0.0021, 0.6936, 3.2020, 3.6780, -9.9900
0.1326, 0.0008, 0.2243, 4.1220, 3.8150, -9.9900
0.1288, 0.0010, 0.2170, 4.1330, 3.8130, -9.9900
0.1334, 0.0008, 0.2357, 4.1000, 3.7920, 0.5950
-0.2500, 0.0005, -0.2752, 4.7380, 3.5760, -1.2900
0.1339, 0.0013, 0.1297, 4.3100, 3.8210, 0.5300
0.1245, 0.0013, 0.1212, 4.3200, 3.8180, 0.5000
0.1367, 0.0063, 1.0678, 2.4390, 3.7160, -9.9900
0.1367, 0.0063, 0.9827, 2.6090, 3.7120, -9.9900
0.1377, 0.0057, 0.2388, 4.0982, 3.8100, 0.6690
0.1670, 0.0053, 0.3161, 3.9731, 3.8020, 0.7960
0.1383, 0.0035, 0.2625, 4.0500, 3.7080, 0.3140
0.1235, 0.0026, 0.2380, 4.0800, 3.6730, 0.1400
0.1389, 0.0028, 0.2084, 4.1600, 3.7820, -9.9900
0.1389, 0.0028, 0.2076, 4.1620, 3.7820, -9.9900
0.1399, 0.0066, 0.3343, 3.9095, 3.7820, 0.7500
0.1467, 0.0077, 0.4226, 3.7400, 3.7600, 0.8390
0.1418, 0.0113, 0.6537, 3.2720, 3.6790, -9.9900
0.0615, 0.0075, 0.1202, 4.2590, 3.8200, -9.9900
0.1430, 0.0097, 1.1281, 2.3260, 3.6610, 1.8540
0.0065, 0.0068, 0.0145, 4.4160, 3.7650, 0.0420
0.1440, 0.0056, 0.1483, 4.2855, 3.8190, 0.5250
-0.0638, 0.0041, 0.0622, 4.2496, 3.6510, -0.3190
0.1467, 0.0046, 0.1858, 4.2130, 3.8240, 0.6340
0.0444, 0.0033, 0.0179, 4.4460, 3.7570, 0.0260
0.1479, 0.0002, 0.1959, 4.2090, 3.8240, -9.9900
0.1175, 0.0003, 0.1584, 4.2540, 3.7990, -9.9900
0.1482, 0.0007, 0.2634, 4.0590, 3.8000, 0.6800
0.0948, 0.0005, 0.1399, 4.2560, 3.7950, 0.4150
0.1495, 0.0011, 0.2989, 3.9898, 3.7970, 0.7400
0.0985, 0.0013, 0.1643, 4.2079, 3.8010, 0.4860
0.1495, 0.0086, 0.2188, 4.1500, 3.8130, -9.9900
0.1316, 0.0090, 0.1629, 4.2440, 3.8160, -9.9900
0.1504, 0.0009, 0.3193, 3.9500, 3.8030, 0.8100
0.1383, 0.0009, 0.2838, 4.0080, 3.8060, 0.7500
0.1504, 0.0028, 0.2074, 4.1730, 3.8180, 0.6400
0.0824, 0.0022, 0.0849, 4.3510, 3.7890, 0.2800
0.1508, 0.0031, 0.2368, 4.1155, 3.8350, 0.7660
0.1467, 0.0028, 0.2284, 4.1284, 3.8310, 0.7340
0.1526, 0.0012, 0.3339, 3.9230, 3.8220, -9.9900
0.0573, 0.0008, 0.0878, 4.3200, 3.8190, -9.9900
0.1526, 0.0037, 0.2492, 4.1642, 3.8510, 0.7860
0.2492, 0.0069, 0.4562, 3.7749, 3.8370, 1.2170
0.1559, 0.0061, 0.3690, 3.8520, 3.8090, 0.9260
0.1189, 0.0083, 0.2019, 4.1500, 3.8340, 0.6930
0.1572, 0.0048, 0.1838, 4.2280, 3.8470, 0.7360
0.1374, 0.0057, 0.1436, 4.2880, 3.8250, 0.5850
0.1584, 0.0060, 1.2648, 2.0700, 3.6860, 2.2280
0.1523, 0.0031, 1.3243, 1.9400, 3.6790, 2.3220
0.1590, 0.0048, 0.2548, 4.0870, 3.7920, -9.9900
0.1361, 0.0051, 0.1998, 4.1740, 3.7920, -9.9900
0.1597, 0.0009, 0.3412, 3.9150, 3.8090, 0.8680
0.1227, 0.0007, 0.2063, 4.1480, 3.8130, 0.6150
0.1611, 0.0054, 1.3659, 1.8680, 3.6820, 2.4150
0.1529, 0.0049, 1.6253, 1.3400, 3.6450, 2.7870
0.1620, 0.0102, 0.2135, 4.1730, 3.8060, 0.6000
-0.0926, 0.0070, -0.0867, 4.5190, 3.6400, -0.6600
0.1626, 0.0024, 0.2463, 4.1080, 3.8130, 0.7000
0.1608, 0.0024, 0.2463, 4.1060, 3.8130, 0.7000
0.1634, 0.0029, 0.1884, 4.2250, 3.8170, 0.5980
0.1329, 0.0029, 0.1389, 4.2930, 3.8110, 0.4760
0.1679, 0.0050, 1.0251, 2.5560, 3.6630, 1.6560
0.1169, 0.0046, 0.1920, 4.1710, 3.7830, 0.4680
0.1697, 0.0021, 0.3617, 3.8840, 3.8340, -9.9900
0.0969, 0.0035, 0.1858, 4.1630, 3.8340, -9.9900
0.1697, 0.0079, 0.3094, 3.9880, 3.8510, 0.9900
0.0615, 0.0068, 0.0774, 4.4350, 3.7800, 0.1300
0.1726, 0.0032, 0.3668, 3.8770, 3.7920, 0.8600
0.1664, 0.0030, 0.3499, 3.9040, 3.7900, 0.8200
0.1726, 0.0032, 0.3324, 3.9460, 3.8190, 0.8970
0.1708, 0.0032, 0.3562, 3.8970, 3.8170, 0.9360
0.1738, 0.0023, 0.2289, 4.1540, 3.8320, 0.7390
0.1290, 0.0026, 0.1458, 4.2760, 3.8120, 0.4960
0.1772, 0.0009, 1.0542, 2.5070, 3.6670, 1.7320
0.1775, 0.0012, 1.3545, 1.9070, 3.6360, 2.2070
0.1778, 0.0006, 0.1995, 4.2200, 3.8420, 0.7210
0.1079, 0.0007, 0.1186, 4.3100, 3.8090, 0.4280
0.1787, 0.0170, 0.3988, 3.8220, 3.7910, 0.9130
-0.1878, 0.0100, -0.1858, 4.6240, 3.6030, -1.0180
0.1787, 0.0046, 0.2082, 4.0600, 3.8320, -9.9900
0.1443, 0.0047, 0.1778, 4.1300, 3.8290, -9.9900
0.1796, 0.0063, 0.2425, 4.1330, 3.8340, -9.9900
0.0382, 0.0076, -0.0009, 4.4790, 3.8610, -9.9900
0.1804, 0.0095, 1.1480, 2.3230, 3.6560, 1.8710
0.1113, 0.0057, 0.2679, 4.0140, 3.7670, 0.5550
0.1807, 0.0054, 1.2385, 2.1420, 3.6900, 2.1930
0.1801, 0.0049, 1.5612, 1.4960, 3.6500, 2.6790
0.1827, 0.0023, 0.1734, 4.2740, 3.8490, 0.6990
0.1744, 0.0041, 0.1602, 4.2921, 3.8440, 0.6530
0.1872, 0.0010, 0.2724, 4.0800, 3.8270, 0.8060
0.0289, 0.0008, -0.0055, 4.4780, 3.7600, -0.0130
0.1884, 0.0037, 0.3269, 3.9730, 3.8430, -9.9900
0.0792, 0.0058, 0.1679, 4.1800, 3.8570, -9.9900
0.1886, 0.0028, 0.1864, 4.2540, 3.8620, 0.7720
0.0862, 0.0028, 0.0611, 4.4030, 3.7970, 0.2600
0.1892, 0.0031, 0.1720, 4.2830, 3.8830, -9.9900
0.1923, 0.0022, 0.3144, 4.0016, 3.8270, 0.8930
0.2038, 0.0033, 0.3434, 3.9550, 3.8250, 0.9430
0.1942, 0.0033, 0.2009, 4.2300, 3.8470, 0.7410
0.1711, 0.0035, 0.1761, 4.2570, 3.8460, 0.6900
0.1942, 0.0067, 0.3164, 3.9990, 3.8390, 0.9400
0.1492, 0.0071, 0.2206, 4.1460, 3.8330, 0.7200
0.1945, 0.0031, 0.1881, 4.2570, 3.8400, 0.6900
0.1915, 0.0036, 0.1758, 4.2780, 3.8410, 0.6700
0.1953, 0.0044, 0.3232, 3.9869, 3.8350, 0.9410
0.1186, 0.0033, 0.1706, 4.2156, 3.8170, 0.5640
0.1956, 0.0011, 0.3406, 3.9520, 3.8110, 0.8800
0.2188, 0.0010, 0.3967, 3.8630, 3.8020, 0.9540
0.1981, 0.0014, 0.3724, 3.8920, 3.7350, -9.9900
0.2154, 0.0037, 0.5986, 3.4560, 3.7990, -9.9900
0.2033, 0.0065, 0.2430, 4.1550, 3.8800, 0.9600
0.1945, 0.0075, 0.2180, 4.1960, 3.8670, 0.8580
0.2049, 0.0046, 0.2415, 4.1600, 3.8860, -9.9900
0.1520, 0.0028, 0.1886, 4.2130, 3.8540, -9.9900
0.2088, 0.0009, 0.2896, 4.0676, 3.8670, 1.0040
0.0816, 0.0013, 0.0774, 4.3650, 3.8070, 0.3370
0.2111, 0.0003, 0.4099, 3.8300, 3.8030, 0.9850
0.2060, 0.0003, 0.3883, 3.8700, 3.8080, 0.9610
0.2127, 0.0032, 0.3120, 4.0260, 3.8270, 0.8880
0.1649, 0.0030, 0.2119, 4.1790, 3.8160, 0.6440
0.2163, 0.0011, 0.2760, 4.1030, 3.8760, 1.0070
0.1640, 0.0007, 0.2019, 4.1990, 3.8450, 0.7430
0.2201, 0.0052, 0.2148, 4.2300, 3.8680, -9.9900
0.1732, 0.0087, 0.1703, 4.2700, 3.8510, -9.9900
0.2201, 0.0026, 0.3332, 3.9920, 3.8650, -9.9900
0.0261, 0.0016, 0.0338, 4.3960, 3.7900, -9.9900
0.2238, 0.0096, 1.6387, 1.3850, 3.6510, 2.8360
0.2225, 0.0102, 1.5911, 1.4790, 3.6540, 2.7520
0.2279, 0.0077, 0.2742, 4.1160, 3.8480, 0.8990
0.1303, 0.0064, 0.0899, 4.3860, 3.7820, 0.2490
0.2279, 0.0077, 0.3010, 4.0680, 3.8540, 0.9680
-0.0969, 0.0109, -0.1079, 4.5520, 3.6640, -0.6000
0.2279, 0.0051, 0.2201, 4.2260, 3.8700, 0.8750
0.2014, 0.0055, 0.1847, 4.2700, 3.8440, 0.7030
0.2284, 0.0028, 0.3395, 3.9870, 3.8490, 0.9570
0.0734, 0.0011, 0.0792, 4.3530, 3.7960, 0.2250
0.2330, 0.0051, 0.3962, 3.8790, 3.8520, 1.1520
0.2014, 0.0082, 0.3181, 4.0040, 3.8520, 1.0150
0.2345, 0.0056, 0.3113, 4.0500, 3.8700, -9.9900
0.2297, 0.0072, 0.3028, 4.0620, 3.8700, -9.9900
0.2348, 0.0028, 0.4622, 3.7480, 3.8210, -9.9900
0.0700, 0.0018, 0.0741, 4.3600, 3.8010, -9.9900
0.2358, 0.0028, 0.2156, 4.2420, 3.8790, 0.8980
0.2507, 0.0029, 0.2206, 4.2470, 3.8860, 0.9400
0.2380, 0.0075, 1.2253, 2.2300, 3.7160, 2.2700
0.2279, 0.0077, 1.2742, 2.1200, 3.7080, 2.3340
0.2408, 0.0022, 0.4133, 3.8520, 3.8520, 1.1850
0.2548, 0.0031, 0.4810, 3.7310, 3.8350, 1.2540
0.2428, 0.0025, 0.4036, 3.8740, 3.8430, 1.1330
0.2709, 0.0023, 0.4744, 3.7600, 3.8350, 1.2440
0.2455, 0.0074, 0.2253, 4.2300, 3.9000, -9.9900
0.1430, 0.0094, 0.1106, 4.3600, 3.8200, -9.9900
0.2475, 0.0012, 0.3054, 4.0750, 3.8510, -9.9900
0.3228, 0.0017, 0.4551, 3.8510, 3.8920, -9.9900
0.2485, 0.0017, 0.4618, 3.7630, 3.8290, 1.1930
0.2253, 0.0016, 0.3672, 3.9290, 3.8420, 1.0550
0.2487, 0.0039, 0.2725, 4.1420, 3.8960, 1.0820
0.2082, 0.0038, 0.2487, 4.1490, 3.8820, 0.9780
0.2512, 0.0023, 0.3818, 3.9258, 3.8800, 1.2350
0.2490, 0.0024, 0.3740, 3.9394, 3.8790, 1.2170
0.2533, 0.0039, 1.2312, 2.2290, 3.6930, 2.1880
0.2558, 0.0043, 1.5731, 1.5480, 3.6480, 2.6950
0.2537, 0.0014, 0.2620, 4.1680, 3.9230, 1.1490
0.2496, 0.0013, 0.2543, 4.1790, 3.9130, 1.1140
0.2572, 0.0012, 0.4125, 3.8710, 3.8290, -9.9900
0.2862, 0.0011, 0.5104, 3.7030, 3.8470, -9.9900
0.2601, 0.0072, 0.3464, 4.0100, 3.8510, 1.0500
0.2553, 0.0072, 0.3579, 3.9800, 3.8470, 1.0600
0.2627, 0.0047, 1.1937, 2.3130, 3.6850, 2.0830
0.2690, 0.0054, 1.6109, 1.4860, 3.6420, 2.7440
0.2643, 0.0021, 0.4481, 3.8060, 3.8360, 1.2000
0.1474, 0.0019, 0.1816, 4.2220, 3.8160, 0.5800
0.2655, 0.0068, 1.3833, 1.9370, 3.6660, 2.3840
0.2927, 0.0066, 1.3685, 1.9940, 3.6730, 2.3860
0.2681, 0.0059, 1.4055, 1.8950, 3.6910, 2.5290
0.2565, 0.0065, 1.6628, 1.3690, 3.6550, 2.8980
0.2690, 0.0037, 0.3298, 4.0470, 3.9060, 1.2400
0.2603, 0.0043, 0.3688, 3.9610, 3.8860, 1.2400
0.2693, 0.0096, 0.2009, 4.3060, 3.8890, -9.9900
0.1976, 0.0102, 0.1781, 4.2790, 3.8600, -9.9900
0.2695, 0.0070, 0.4883, 3.7420, 3.8190, -9.9900
0.1367, 0.0063, 0.1617, 4.2510, 3.8250, -9.9900
0.2742, 0.0069, 0.5378, 3.6300, 3.8330, -9.9900
0.2695, 0.0093, 0.4843, 3.7400, 3.8200, -9.9900
0.2785, 0.0018, 0.3414, 4.0340, 3.8940, 1.2140
0.3336, 0.0014, 0.4881, 3.7960, 3.8860, 1.4770
0.2788, 0.0055, 0.2109, 4.2860, 3.9470, -9.9900
0.2679, 0.0056, 0.2044, 4.3100, 3.9370, -9.9900
0.2790, 0.0091, 0.4426, 3.8320, 3.8600, 1.2800
0.2317, 0.0092, 0.3064, 4.0570, 3.8690, 1.0420
0.2801, 0.0071, 0.3610, 3.9960, 3.8960, 1.2610
0.2433, 0.0084, 0.3168, 4.0480, 3.8820, 1.1180
0.2833, 0.0029, 0.2813, 4.1590, 3.9220, 1.2000
0.2725, 0.0042, 0.2572, 4.1960, 3.9160, 1.1300
0.2869, 0.0040, 0.3411, 4.0430, 3.9140, 1.2920
-0.0571, 0.0025, -0.0743, 4.5300, 3.6950, -0.4090
0.2877, 0.0015, 0.4089, 3.9078, 3.8900, 1.3340
0.1790, 0.0009, 0.2076, 4.2017, 3.8560, 0.7950
0.2900, 0.0074, 0.4400, 3.8480, 3.8860, 1.3810
0.3214, 0.0073, 0.5869, 3.5860, 3.8560, 1.5540
0.2927, 0.0015, 0.4366, 3.8580, 3.8930, 1.4010
0.1893, 0.0010, 0.2154, 4.1970, 3.8700, 0.8640
0.2931, 0.0015, 0.2849, 4.1620, 3.9010, 1.1290
0.2586, 0.0017, 0.2651, 4.1670, 3.8850, 1.0230
0.2934, 0.0038, 0.3404, 4.0510, 3.9780, 1.5440
0.0237, 0.0041, -0.0297, 4.5210, 3.8060, 0.1210
0.2956, 0.0062, 0.3272, 4.0790, 3.9030, 1.2210
0.1723, 0.0038, 0.1581, 4.2700, 3.8430, 0.6400
0.2962, 0.0022, 0.5283, 3.6780, 3.8130, 1.2610
0.1798, 0.0023, 0.2175, 4.1830, 3.8220, 0.6760
0.3021, 0.0063, 0.3701, 4.0000, 3.9230, 1.3800
0.3491, 0.0051, 0.5296, 3.7280, 3.9110, 1.6600
0.3054, 0.0065, 0.3030, 4.1360, 3.9610, 1.4100
0.2923, 0.0066, 0.2934, 4.1440, 3.9590, 1.3800
0.3073, 0.0049, 0.1984, 4.3490, 3.9540, 1.1700
0.0508, 0.0046, 0.1189, 4.2510, 3.7560, 0.2100
0.3107, 0.0057, 0.9795, 2.7900, 3.6790, 1.6330
0.3168, 0.0048, 0.9567, 2.8410, 3.6800, 1.5910
0.3124, 0.0047, 0.2646, 4.2210, 3.9600, 1.3250
0.2214, 0.0047, 0.1903, 4.2780, 3.8920, 0.9020
0.3132, 0.0002, 0.9212, 2.9150, 3.6930, 1.5700
0.2918, 0.0002, 0.5988, 3.5390, 3.8030, 1.3600
0.3218, 0.0043, 0.3383, 4.0840, 3.9780, 1.5420
0.3204, 0.0037, 0.3302, 4.0980, 3.9780, 1.5260
0.3318, 0.0028, 0.3075, 4.1550, 3.9550, 1.3900
0.2801, 0.0018, 0.2380, 4.2410, 3.9300, 1.1500
0.3326, 0.0048, 0.3201, 4.1310, 3.9400, 1.3520
0.1245, 0.0036, 0.1179, 4.3270, 3.8100, 0.4270
0.3365, 0.0040, 0.2718, 4.2300, 3.9640, 1.3540
0.3284, 0.0041, 0.2672, 4.2300, 3.9580, 1.3200
0.3389, 0.0044, 0.2695, 4.2370, 3.9820, 1.4860
0.2512, 0.0049, 0.2084, 4.2720, 3.9350, 1.1790
0.3398, 0.0007, 0.9289, 2.9200, 3.6890, 1.5670
0.3344, 0.0006, 0.9138, 2.9450, 3.6910, 1.5430
0.3402, 0.0073, 0.2627, 4.2530, 3.9820, 1.4100
0.2949, 0.0073, 0.2217, 4.2890, 3.9590, 1.2300
0.3420, 0.0032, 0.3210, 4.1380, 3.9660, 1.4610
0.2111, 0.0024, 0.1928, 4.2630, 3.8830, 0.8750
0.3424, 0.0099, 0.2458, 4.2900, 3.9440, 1.2200
0.2989, 0.0109, 0.2133, 4.3100, 3.9200, 1.0600
0.3436, 0.0037, 0.3965, 3.9890, 3.9450, 1.5300
0.3021, 0.0039, 0.3286, 4.0830, 3.9310, 1.3300
0.3485, 0.0047, 1.3304, 2.1260, 3.6850, 2.3540
0.3483, 0.0045, 1.4411, 1.9040, 3.6740, 2.5330
0.3501, 0.0027, 0.4791, 3.8298, 3.9140, 1.5660
0.3230, 0.0037, 0.3971, 3.9670, 3.9080, 1.3800
0.3522, 0.0077, 0.6274, 3.5300, 3.8290, 1.5300
0.1106, 0.0101, 0.1271, 4.3000, 3.7890, 0.3600
0.3528, 0.0027, 0.5006, 3.7900, 3.9030, 1.5680
0.3318, 0.0022, 0.4231, 3.9200, 3.9110, 1.4470
0.3547, 0.0023, 0.4023, 3.9880, 3.9790, 1.6720
0.1222, 0.0023, 0.1242, 4.3110, 3.8380, 0.5520
0.3560, 0.0057, 1.1614, 2.4700, 3.7200, 2.1580
0.3598, 0.0057, 1.1875, 2.4200, 3.7210, 2.2150
0.3562, 0.0054, 0.5604, 3.6740, 3.9300, -9.9900
0.3638, 0.0055, 0.6526, 3.4970, 3.8860, -9.9900
0.3566, 0.0021, 0.2550, 4.2850, 4.0090, 1.4990
0.2028, 0.0022, 0.1492, 4.3420, 3.8850, 0.7920
0.3583, 0.0029, 0.4814, 3.8340, 3.9110, 1.5600
0.2744, 0.0030, 0.3442, 4.0240, 3.9000, 1.2400
0.3617, 0.0019, 0.4533, 3.8800, 3.9290, 1.5800
0.3945, 0.0018, 0.6375, 3.5500, 3.8920, 1.8000
0.3647, 0.0011, 1.0508, 2.7010, 3.7490, -9.9900
0.3640, 0.0017, 1.0500, 2.7020, 3.7340, -9.9900
0.3679, 0.0028, 0.5194, 3.7670, 3.9170, 1.6570
0.3610, 0.0047, 0.4749, 3.8490, 3.9290, 1.6200
0.3683, 0.0028, 0.2693, 4.2675, 4.0270, 1.6010
0.3541, 0.0029, 0.2572, 4.2770, 4.0150, 1.5280
0.3696, 0.0030, 0.2676, 4.2720, 3.9980, 1.4800
0.3688, 0.0032, 0.2625, 4.2820, 3.9980, 1.4700
0.3729, 0.0055, 1.1004, 2.6100, 3.7660, 2.2200
0.3945, 0.0088, 1.3243, 2.1800, 3.7230, 2.4980
0.3758, 0.0049, 0.4412, 3.9320, 3.9710, 1.7210
0.3600, 0.0051, 0.4096, 3.9790, 3.9640, 1.6300
0.3798, 0.0040, 0.4136, 3.9900, 3.9650, 1.6420
0.2790, 0.0037, 0.2502, 4.2160, 3.9320, 1.1830
0.3802, 0.0052, 1.1389, 2.5400, 3.7190, 2.1070
0.4064, 0.0053, 1.4857, 1.8730, 3.6730, 2.6160
0.3874, 0.0071, 1.2380, 2.3500, 3.7510, 2.4310
0.3766, 0.0055, 1.2430, 2.3300, 3.7470, 2.4280
0.3957, 0.0044, 0.3045, 4.2250, 4.0170, 1.6300
0.1772, 0.0029, 0.1559, 4.3030, 3.8570, 0.6900
0.4047, 0.0086, 0.6014, 3.6400, 3.9110, 1.8000
0.3672, 0.0084, 0.4331, 3.9390, 3.9490, 1.6200
0.4056, 0.0015, 0.2656, 4.3125, 4.0390, 1.6440
0.3726, 0.0016, 0.2469, 4.3169, 4.0150, 1.5080
0.4082, 0.0068, 1.2175, 2.4100, 3.7450, 2.3710
0.3997, 0.0052, 1.2380, 2.3600, 3.7120, 2.2790
0.4116, 0.0051, 1.2095, 2.4300, 3.7440, 2.3500
0.3945, 0.0035, 1.2718, 2.2900, 3.6950, 2.2760
0.4123, 0.0020, 0.5981, 3.6540, 3.9260, -9.9900
0.2060, 0.0022, 0.2055, 4.2330, 3.8670, -9.9900
0.4249, 0.0033, 0.4378, 3.9870, 3.9850, 1.7600
0.2648, 0.0024, 0.2297, 4.2430, 3.9520, 1.2200
0.4281, 0.0065, 1.1644, 2.5300, 3.7240, 2.1820
0.4099, 0.0068, 1.3096, 2.2300, 3.6840, 2.3100
0.4341, 0.0027, 1.4622, 1.9480, 3.6730, 2.5720
0.5281, 0.0023, 1.5396, 1.8870, 3.6780, 2.7440
0.4346, 0.0032, 1.2480, 2.3700, 3.7320, 2.3800
0.4548, 0.0030, 1.3766, 2.1400, 3.7010, 2.5120
0.4389, 0.0074, 1.2156, 2.4460, 3.7100, 2.2250
0.4736, 0.0066, 1.2512, 2.4090, 3.7050, 2.2760
0.4409, 0.0094, 0.3533, 4.1700, 4.0080, 1.6900
0.4487, 0.0077, 0.3612, 4.1700, 4.0080, 1.7100
0.4434, 0.0099, 0.4216, 4.0380, 4.0330, 1.9300
0.3722, 0.0096, 0.3071, 4.1960, 3.9910, 1.5300
0.4472, 0.0078, 0.3766, 4.1320, 4.0540, 1.9300
0.4440, 0.0078, 0.3729, 4.1360, 4.0520, 1.9100
0.4487, 0.0062, 0.3838, 4.1200, 4.0200, -9.9900
0.4298, 0.0065, 0.3692, 4.1300, 4.0200, -9.9900
0.4559, 0.0024, 1.2312, 2.4320, 3.7240, 2.3120
0.4487, 0.0025, 1.2036, 2.4800, 3.7210, 2.2460
0.4561, 0.0047, 1.2028, 2.4890, 3.7120, 2.2100
0.4447, 0.0056, 1.4895, 1.9040, 3.6630, 2.5870
0.4621, 0.0046, 1.2885, 2.3230, 3.7110, 2.3750
0.4987, 0.0052, 1.2856, 2.3650, 3.7150, 2.3840
0.4744, 0.0019, 1.3740, 2.1650, 3.7200, 2.5830
0.4767, 0.0017, 1.6474, 1.6200, 3.6710, 2.9320
0.4748, 0.0031, 1.3066, 2.3000, 3.7210, 2.4530
0.4904, 0.0034, 1.3922, 2.1440, 3.7040, 2.5540
0.4990, 0.0081, 0.4442, 4.0490, 4.1140, -9.9900
0.2433, 0.0097, 0.1430, 4.3950, 3.9540, -9.9900
0.5004, 0.0027, 1.2755, 2.3870, 3.7360, 2.4500
0.5030, 0.0027, 1.2931, 2.3550, 3.7340, 2.4760
0.5032, 0.0060, 0.6930, 3.5550, 4.0100, 2.3800
0.3858, 0.0034, 0.3666, 4.0900, 3.9970, 1.6670
0.5034, 0.0042, 0.5814, 3.7790, 4.0190, 2.1470
0.2925, 0.0033, 0.2778, 4.1750, 3.9440, 1.2440
0.5123, 0.0092, 0.5459, 3.8580, 4.0290, 2.1620
0.5287, 0.0091, 0.6552, 3.6560, 4.0170, 2.3300
0.5141, 0.0037, 1.3733, 2.2050, 3.7120, 2.5500
0.5091, 0.0039, 1.3997, 2.1480, 3.7040, 2.5690
0.5190, 0.0030, 1.4205, 2.1160, 3.7190, 2.6690
0.5058, 0.0034, 1.2739, 2.3960, 3.7340, 2.4390
0.5228, 0.0038, 1.3909, 2.1790, 3.7050, 2.5550
0.5030, 0.0035, 1.5640, 1.8130, 3.6730, 2.7770
0.5446, 0.0035, 1.6609, 1.6600, 3.6810, 3.0000
0.5516, 0.0030, 1.6848, 1.6200, 3.6820, 3.0530
0.5460, 0.0062, 0.3938, 4.1970, 4.0900, 2.1020
0.2400, 0.0057, 0.1770, 4.3240, 3.8850, 0.8490
0.5514, 0.0024, 1.4280, 2.1340, 3.7240, 2.7080
0.5502, 0.0038, 1.6731, 1.6420, 3.6530, 2.9120
0.5555, 0.0066, 1.5147, 1.9640, 3.6980, -9.9900
0.5329, 0.0060, 1.3615, 2.2480, 3.6990, -9.9900
0.5561, 0.0046, 1.5163, 1.9620, 3.6990, 2.7830
0.5352, 0.0038, 1.3692, 2.2350, 3.7020, 2.5000
0.5575, 0.0036, 1.4548, 2.0870, 3.7870, 3.0100
0.5465, 0.0037, 1.4216, 2.1420, 3.7830, 2.9300
0.5579, 0.0095, 0.6419, 3.7120, 4.0660, 2.5000
0.4213, 0.0082, 0.3355, 4.1880, 4.0410, 1.7900
0.5658, 0.0059, 0.5065, 3.9914, 4.0450, 2.1490
0.5263, 0.0052, 0.4669, 4.0310, 4.0150, 1.9490
0.5752, 0.0035, 1.2516, 2.5090, 3.7870, 2.6100
0.4183, 0.0033, 1.0730, 2.7090, 3.7130, 1.9500
0.5832, 0.0023, 1.4942, 2.0300, 3.8230, 3.2340
0.5717, 0.0012, 1.6294, 1.7500, 3.6970, 3.0030
0.5920, 0.0063, 0.4526, 4.1250, 4.1580, 2.4900
0.4041, 0.0053, 0.2753, 4.2920, 4.0790, 1.8200
0.5966, 0.0026, 1.4837, 2.0670, 3.7400, 2.8820
0.6085, 0.0026, 1.5962, 1.8540, 3.7060, 2.9720
0.6145, 0.0042, 0.3764, 4.3010, 4.1690, 2.3800
0.3995, 0.0042, 0.2368, 4.3640, 4.0410, 1.5900
0.6180, 0.0031, 1.5425, 1.9700, 3.7780, 3.1500
0.6085, 0.0032, 1.6512, 1.7430, 3.7080, 3.0900
0.6198, 0.0023, 1.6428, 1.7730, 3.6920, 3.0090
0.6009, 0.0028, 1.6698, 1.6990, 3.6670, 2.9630
0.6450, 0.0040, 1.6716, 1.7400, 3.7540, 3.3130
0.6463, 0.0036, 1.8065, 1.4720, 3.6950, 3.3460
0.6697, 0.0085, 0.6146, 3.8790, 4.1720, 2.8730
0.6614, 0.0080, 0.5626, 3.9740, 4.1740, 2.7780
0.6914, 0.0019, 1.7170, 1.6960, 3.6570, 3.0130
0.6880, 0.0019, 1.8301, 1.4660, 3.6240, 3.1110
0.6972, 0.0078, 0.4790, 4.1770, 4.2280, 2.8200
0.6646, 0.0069, 0.4216, 4.2590, 4.2100, 2.6300
0.7007, 0.0112, 0.5551, 4.0280, 4.1960, -9.9900
0.6839, 0.0117, 0.5434, 4.0350, 4.1880, -9.9900
0.7067, 0.0051, 0.5366, 4.0730, 4.2200, -9.9900
0.6609, 0.0047, 0.4843, 4.1310, 4.1830, -9.9900
0.7147, 0.0090, 0.4281, 4.2970, 4.2300, 2.7300
0.6565, 0.0063, 0.3939, 4.3070, 4.1790, 2.4600
0.7828, 0.0011, 0.6121, 3.9970, 4.2580, 3.2100
0.7745, 0.0009, 0.5997, 4.0130, 4.2530, 3.1660
0.7951, 0.0046, 0.6581, 3.9170, 4.2580, 3.3020
0.7253, 0.0049, 0.5533, 4.0570, 4.2330, 2.9930
0.8376, 0.0023, 0.5334, 4.2090, 4.3320, 3.3510
0.8662, 0.0023, 0.5735, 4.1570, 4.3420, 3.4710
0.8596, 0.0047, 0.7244, 3.8490, 4.2790, 3.6500
0.7014, 0.0033, 0.4975, 4.1440, 4.2300, 3.0180
0.9479, 0.0033, 0.6684, 4.0490, 4.4770, -9.9900
0.8349, 0.0033, 0.5775, 4.1180, 4.4620, -9.9900
0.9669, 0.0057, 0.6324, 4.1400, 4.3770, 3.7200
0.9284, 0.0062, 0.6076, 4.1510, 4.3540, 3.5800
1.0286, 0.0024, 0.7682, 3.9460, 4.3770, -9.9900
0.2193, 0.0045, 0.1847, 4.3030, 3.9580, -9.9900
1.0546, 0.0046, 0.6588, 4.1750, 4.4460, 4.0550
1.0265, 0.0057, 0.6332, 4.1980, 4.4230, 3.9150
1.0580, 0.0072, 1.1962, 3.1040, 4.3360, 4.6910
0.8451, 0.0087, 0.5819, 4.1200, 4.3560, 3.6260
1.0630, 0.0053, 0.7084, 4.0800, 4.4260, 4.0700
0.6821, 0.0054, 0.3997, 4.3200, 4.2110, 2.6000
1.0697, 0.0044, 0.9179, 3.6720, 4.4170, 4.4570
0.9222, 0.0046, 0.6152, 4.1300, 4.3520, 3.5940
1.0730, 0.0044, 0.9581, 3.5950, 4.3710, 4.3440
1.0881, 0.0050, 1.0043, 3.5170, 4.3620, 4.4020
1.1139, 0.0023, 0.7364, 4.0790, 4.4520, -9.9900
1.0770, 0.0029, 0.7067, 4.1020, 4.4400, -9.9900
1.1156, 0.0040, 0.8445, 3.8640, 4.4440, 4.4340
1.1316, 0.0067, 0.8814, 3.8070, 4.4470, 4.5170
1.1209, 0.0026, 0.9196, 3.7200, 4.4170, 4.4780
1.1596, 0.0042, 1.1133, 3.3710, 4.3760, 4.6810
1.1433, 0.0134, 0.6990, 4.1800, 4.4770, -9.9900
1.0648, 0.0135, 0.6532, 4.2000, 4.4770, -9.9900
1.1449, 0.0072, 0.9378, 3.7080, 4.4590, 4.6660
1.0453, 0.0070, 0.7202, 4.0440, 4.4420, 4.1630
1.1626, 0.0024, 0.7332, 4.1330, 4.4770, 4.3300
1.0124, 0.0025, 0.6325, 4.1850, 4.4110, 3.8600
1.1793, 0.0037, 0.7347, 4.1480, 4.5040, 4.4390
1.0924, 0.0035, 0.6559, 4.2180, 4.4580, 4.0980
1.1875, 0.0107, 0.8609, 3.9040, 4.5070, 4.7000
1.1767, 0.0101, 0.8543, 3.9070, 4.5020, 4.6700
1.2003, 0.0085, 0.7195, 4.1990, 4.4910, 4.3570
1.1746, 0.0087, 0.6962, 4.2200, 4.4830, 4.2780
1.2079, 0.0070, 0.8136, 4.0190, 4.4870, 4.5300
1.1364, 0.0067, 0.7513, 4.0730, 4.4590, 4.3000
1.2307, 0.0036, 0.8758, 3.9170, 4.5080, 4.7380
0.9810, 0.0024, 0.6363, 4.1470, 4.4120, 3.8740
1.2368, 0.0008, 0.7832, 4.1100, 4.4930, 4.4600
0.6637, 0.0028, 0.4166, 4.2700, 4.2300, 2.7100
1.2448, 0.0037, 0.8555, 3.9720, 4.5560, 4.9070
1.3444, 0.0059, 1.1526, 3.4770, 4.4980, 5.2530
1.2485, 0.0086, 0.7623, 4.1610, 4.5210, -9.9900
1.2487, 0.0073, 0.7646, 4.1570, 4.5250, -9.9900
1.2704, 0.0110, 0.9731, 3.7620, 4.4900, -9.9900
0.8865, 0.0068, 0.5670, 4.1900, 4.3360, -9.9900
1.2792, 0.0027, 0.8865, 3.9940, 4.5350, 4.8540
1.2430, 0.0032, 0.8222, 4.0350, 4.5280, 4.7000
1.2911, 0.0087, 0.8751, 3.9790, 4.5130, -9.9900
1.1508, 0.0086, 0.6830, 4.2230, 4.5070, -9.9900
1.2927, 0.0042, 0.9460, 3.8390, 4.5440, -9.9900
1.2799, 0.0032, 0.8865, 3.9450, 4.5310, -9.9900
1.3596, 0.0061, 0.9708, 3.8560, 4.5310, 5.0200
1.3310, 0.0067, 0.9212, 3.9260, 4.5310, 4.9200
1.3684, 0.0006, 0.9844, 3.8375, 4.5280, -9.9900
1.1138, 0.0006, 0.7324, 4.0871, 4.4390, -9.9900
1.3709, 0.0170, 1.0362, 3.7360, 4.5380, 5.1790
0.9978, 0.0148, 0.8351, 3.7660, 4.4520, 4.4740
1.4031, 0.0120, 0.9996, 3.8420, 4.5590, 5.1870
0.9165, 0.0090, 0.5428, 4.2680, 4.4020, 3.6490
1.4357, 0.0088, 0.9078, 4.0580, 4.5800, 5.0870
1.2790, 0.0101, 0.7871, 4.1430, 4.5310, 4.6580
