Z, N, A, Q [MeV], T [s], b, logT
84, 102, 186, 8.502084, 3.400000e-05, 1, -4.468521
84, 104, 188, 8.083084, 2.700000e-04, 1, -3.568636
84, 106, 190, 7.693084, 2.450000e-03, 1, -2.610834
84, 108, 192, 7.320084, 3.220000e-02, 1, -1.492144
84, 110, 194, 6.987084, 3.920000e-01, 1, -0.406714
84, 112, 196, 6.658084, 5.630000e+00, 0.94, 0.777381
84, 114, 198, 6.310084, 1.056000e+02, 0.57, 2.267789
84, 116, 200, 5.981084, 6.906000e+02, 0.111, 3.793904
84, 118, 202, 5.700084, 2.676000e+03, 0.0192, 5.144185
84, 120, 204, 5.485084, 1.266840e+04, 0.0067, 6.276647
84, 122, 206, 5.327084, 7.603200e+05, 0.0545, 7.144600
84, 124, 208, 5.215684, 9.145205e+07, 1, 7.961193
84, 126, 210, 5.407484, 1.195569e+07, 1, 7.077575
84, 128, 212, 8.954184, 2.944000e-07, 1, -6.531062
84, 130, 214, 7.833484, 1.634700e-04, 1, -3.786562
84, 132, 216, 6.906284, 1.440000e-01, 1, -0.841638
84, 134, 218, 6.114784, 1.858200e+02, 0.9998, 2.269179
86, 108, 194, 7.863084, 7.800000e-04, 1, -3.107905
86, 110, 196, 7.616084, 4.700000e-03, 1, -2.327902
86, 112, 198, 7.350084, 6.440000e-02, 0.93, -1.159597
86, 114, 200, 7.044084, 1.090000e+00, 0.92, 0.073639
86, 116, 202, 6.773084, 9.700000e+00, 0.78, 1.094677
86, 118, 204, 6.547084, 7.452000e+01, 0.724, 2.012534
86, 120, 206, 6.384084, 3.402000e+02, 0.62, 2.739343
86, 122, 208, 6.261084, 1.461000e+03, 0.62, 3.372259
86, 124, 210, 6.159084, 8.640000e+03, 0.96, 3.954243
86, 126, 212, 6.385284, 1.434000e+03, 1, 3.156549
86, 128, 214, 9.208184, 2.590000e-07, 1, -6.586700
86, 130, 216, 8.197484, 2.900000e-05, 1, -4.537602
86, 132, 218, 7.262484, 3.375000e-02, 1, -1.471726
86, 134, 220, 6.404784, 5.560000e+01, 1, 1.745075
86, 136, 222, 5.590384, 3.301776e+05, 1, 5.518748
88, 114, 202, 7.880084, 4.100000e-03, 1, -2.387216
88, 116, 204, 7.636084, 6.000000e-02, 1, -1.221849
88, 118, 206, 7.416084, 2.400000e-01, 1, -0.619789
88, 120, 208, 7.273084, 1.110000e+00, 0.87, 0.105804
88, 122, 210, 7.151084, 4.000000e+00, 1, 0.602060
88, 126, 214, 7.273084, 2.437000e+00, 0.99941, 0.387112
88, 128, 216, 9.525084, 1.720000e-07, 1, -6.764472
88, 130, 218, 8.541084, 2.591000e-05, 1, -4.586533
88, 132, 220, 7.594084, 1.810000e-02, 1, -1.742321
88, 134, 222, 6.677684, 3.360000e+01, 1, 1.526339
88, 136, 224, 5.788884, 3.137702e+05, 1, 5.496612
88, 138, 226, 4.870684, 5.049112e+10, 1, 10.703215
90, 118, 208, 8.204084, 2.400000e-03, 1, -2.619789
90, 120, 210, 8.069084, 1.600000e-02, 1, -1.795880
90, 122, 212, 7.958084, 3.170000e-02, 1, -1.498941
90, 124, 214, 7.827084, 8.700000e-02, 1, -1.060481
90, 126, 216, 8.073084, 2.628000e-02, 1, -1.580375
90, 128, 218, 9.849084, 1.220000e-07, 1, -6.913640
90, 130, 220, 8.974084, 1.020000e-05, 1, -4.991400
90, 132, 222, 8.132084, 2.240000e-03, 1, -2.649752
90, 134, 224, 7.299084, 1.040000e+00, 1, 0.017033
90, 136, 226, 6.453084, 1.842000e+03, 1, 3.265290
90, 138, 228, 5.520184, 6.035267e+07, 1, 7.780696
90, 140, 230, 4.769984, 2.379394e+12, 1, 12.376466
90, 142, 232, 4.081584, 4.417973e+17, 1, 17.645223
92, 124, 216, 8.530084, 6.900000e-03, 1, -2.161151
92, 126, 218, 8.775084, 3.540000e-04, 1, -3.450997
92, 130, 222, 9.478084, 4.700000e-06, 1, -5.327902
92, 132, 224, 8.628084, 3.960000e-04, 1, -3.402305
92, 134, 226, 7.701084, 2.690000e-01, 1, -0.570248
92, 136, 228, 6.799084, 5.460000e+02, 0.975, 2.748188
92, 138, 230, 5.992084, 1.747872e+06, 1, 6.242510
92, 140, 232, 5.413584, 2.174274e+09, 1, 9.337314
92, 142, 234, 4.857584, 7.747232e+12, 1, 12.889147
92, 144, 236, 4.572984, 7.390638e+14, 1, 14.868682
92, 146, 238, 4.269784, 1.408387e+17, 1, 17.148722
94, 134, 228, 7.940084, 2.100000e+00, 1, 0.322219
94, 136, 230, 7.178084, 1.050000e+02, 1, 2.021189
94, 140, 234, 6.310084, 3.168000e+04, 0.06, 5.722634
94, 142, 236, 5.867184, 9.018977e+07, 1, 7.955157
94, 144, 238, 5.593184, 2.767545e+09, 1, 9.442095
94, 146, 240, 5.255784, 2.070452e+11, 1, 11.316065
94, 148, 242, 4.984284, 1.183386e+13, 1, 13.073126
94, 150, 244, 4.665584, 2.565580e+15, 0.99877, 15.409720
96, 138, 234, 7.365084, 5.200000e+01, 0.27, 2.284640
96, 140, 236, 7.067084, 4.080000e+02, 0.18, 3.355388
96, 142, 238, 6.670084, 7.920000e+03, 0.0384, 5.314394
96, 144, 240, 6.397784, 2.626560e+06, 1, 6.419387
96, 146, 242, 6.215684, 1.406592e+07, 1, 7.148168
96, 148, 244, 5.901584, 5.714964e+08, 1, 8.757013
96, 150, 246, 5.475084, 1.485070e+11, 0.999738, 11.171861
96, 152, 248, 5.161784, 1.098182e+13, 0.9161, 13.078731
98, 142, 240, 7.711084, 4.030000e+01, 0.985, 1.611869
98, 144, 242, 7.517084, 2.094000e+02, 0.61, 2.535647
98, 146, 244, 7.328984, 1.170000e+03, 0.75, 3.193125
98, 148, 246, 6.861584, 1.285200e+05, 1, 5.108971
98, 150, 248, 6.361284, 2.881440e+07, 1, 7.459610
98, 152, 250, 6.128484, 4.127649e+08, 0.99923, 8.616037
98, 154, 252, 6.216984, 8.346814e+07, 0.968972, 7.935209
98, 156, 254, 5.926084, 5.227200e+06, 0.0031, 9.226907
100, 146, 246, 8.379084, 1.540000e+00, 0.932, 0.218105
100, 148, 248, 7.994984, 3.450000e+01, 1, 1.537819
100, 150, 250, 7.556884, 1.860000e+03, 1, 3.269513
100, 152, 252, 7.154084, 9.140400e+04, 1, 4.960965
100, 154, 254, 7.307284, 1.166400e+04, 0.999408, 4.067105
100, 156, 256, 7.025484, 9.426000e+03, 0.081, 5.065842
102, 150, 252, 8.548084, 2.467000e+00, 0.676, 0.562222
102, 152, 254, 8.226084, 5.120000e+01, 0.9, 1.755027
102, 154, 256, 8.581084, 2.910000e+00, 0.9945, 0.466288
104, 152, 256, 8.926084, 6.600000e-03, 0.0031, 0.328182
104, 154, 258, 9.196084, 1.250000e-02, 0.049, -0.593286
