z, zhel, mb, dmb
0.01016, 0.00936, 13.5264, 0.3475
0.01017, 0.00947, 13.6652, 0.364224
0.01017, 0.00947, 13.7144, 0.34081
0.01026, 0.00887, 14.0848, 0.305101
0.01026, 0.00887, 13.9723, 0.297865
0.01028, 0.01077, 14.0258, 0.246478
0.01042, 0.0093, 13.8706, 0.316076
0.01044, 0.00938, 13.8339, 0.342855
0.01061, 0.01169, 14.1276, 0.307827
0.01061, 0.01169, 14.0401, 0.273239
0.01073, 0.01012, 13.8551, 0.363667
0.01079, 0.00973, 13.8153, 0.322889
0.01079, 0.00973, 13.9279, 0.377003
0.01096, 0.01144, 14.3179, 0.313698
0.01114, 0.01317, 14.4807, 0.341421
0.01114, 0.01317, 14.3839, 0.293983
0.01122, 0.01082, 14.5817, 0.352878
0.01122, 0.01082, 14.1806, 0.282135
0.01122, 0.01082, 14.2417, 0.32405
0.01155, 0.01219, 14.3303, 0.27987
0.01195, 0.01074, 14.2444, 0.30029
0.01213, 0.01178, 14.6253, 0.345327
0.0122, 0.01286, 14.4493, 0.265296
0.01233, 0.01105, 14.4873, 0.252697
0.01246, 0.01321, 14.5756, 0.263736
0.01258, 0.01321, 14.455, 0.239241
0.01258, 0.01321, 14.4716, 0.248635
0.01259, 0.01169, 14.3344, 0.258654
0.01259, 0.01169, 14.2648, 0.264818
0.01279, 0.01426, 14.4962, 0.415783
0.01283, 0.01312, 14.3835, 0.286107
0.01283, 0.01312, 14.2498, 0.330021
0.01303, 0.01355, 14.4825, 0.238258
0.01303, 0.01355, 14.5077, 0.285948
0.01304, 0.01208, 14.3222, 0.291315
0.01304, 0.01208, 14.3143, 0.283503
0.01312, 0.01413, 14.267, 0.2722
0.01312, 0.01413, 14.2187, 0.260204
0.01325, 0.01411, 14.7152, 0.302491
0.01325, 0.01411, 14.7316, 0.298179
0.01325, 0.01411, 14.6717, 0.303407
0.01375, 0.01255, 14.544, 0.27654
0.01375, 0.01255, 14.5153, 0.231206
0.01375, 0.01255, 14.519, 0.234204
0.01376, 0.01315, 14.5119, 0.287526
0.01386, 0.01245, 14.4211, 0.34431
0.01388, 0.01484, 14.4438, 0.231964
0.01389, 0.01502, 14.5523, 0.287538
0.01389, 0.01502, 14.4121, 0.294973
0.01411, 0.01285, 14.5676, 0.249416
0.01424, 0.01506, 14.5914, 0.264112
0.01442, 0.01509, 14.7657, 0.306005
0.01442, 0.01509, 14.7719, 0.351302
0.01442, 0.01406, 15.0836, 0.369731
0.01442, 0.01406, 14.9251, 0.395988
0.01442, 0.01406, 14.999, 0.396317
0.01446, 0.01416, 14.6548, 0.238994
0.0145, 0.01588, 14.9197, 0.364029
0.01453, 0.01381, 14.4996, 0.214608
0.0146, 0.01517, 14.6296, 0.24785
0.01462, 0.01519, 14.6723, 0.242429
0.01463, 0.01389, 14.5023, 0.389571
0.01463, 0.01389, 14.4659, 0.391891
0.01467, 0.01351, 14.6386, 0.239175
0.01472, 0.0153, 14.5364, 0.396434
0.01484, 0.0151, 14.7579, 0.268869
0.01492, 0.01549, 14.9372, 0.371694
0.01493, 0.01454, 14.5994, 0.276241
0.01499, 0.01484, 14.721, 0.227971
0.01499, 0.01484, 14.6731, 0.23013
0.01515, 0.01515, 14.6347, 0.293747
0.01519, 0.01526, 14.9263, 0.2654
0.01525, 0.01633, 14.5176, 0.300982
0.01529, 0.01613, 14.7804, 0.343245
0.01542, 0.01552, 15.0896, 0.371909
0.01543, 0.01502, 14.8214, 0.313702
0.01546, 0.01509, 14.7801, 0.22485
0.01549, 0.01616, 15.0202, 0.339288
0.0155, 0.0163, 15.0051, 0.271187
0.0155, 0.0163, 14.9582, 0.256655
0.0155, 0.01629, 14.7464, 0.285045
0.0155, 0.01629, 14.6322, 0.312769
0.01557, 0.01488, 14.5372, 0.28932
0.01557, 0.01488, 14.5542, 0.289137
0.01562, 0.01631, 14.9202, 0.262981
0.01562, 0.01631, 14.8772, 0.333218
0.01565, 0.01643, 15.0787, 0.277402
0.01576, 0.01649, 14.9127, 0.285607
0.01578, 0.01538, 14.7456, 0.218273
0.01578, 0.01538, 14.8167, 0.289124
0.01581, 0.01587, 14.7396, 0.237761
0.01581, 0.01587, 14.6474, 0.217323
0.01587, 0.01683, 15.1386, 0.26899
0.01588, 0.01524, 14.7757, 0.223197
0.0159, 0.01497, 14.9133, 0.241388
0.0159, 0.01497, 14.8793, 0.207724
0.0159, 0.01584, 14.7799, 0.27117
0.01603, 0.01558, 14.8532, 0.280284
0.01652, 0.01557, 15.1607, 0.345316
0.01652, 0.01614, 14.7469, 0.333638
0.01656, 0.01679, 14.9078, 0.216439
0.01657, 0.01727, 14.7196, 0.414401
0.01662, 0.01586, 15.0263, 0.260521
0.01666, 0.01737, 15.0878, 0.196174
0.01671, 0.01669, 14.6455, 0.243894
0.01678, 0.01701, 14.9149, 0.244992
0.01682, 0.01765, 15.2119, 0.357309
0.01682, 0.01765, 15.2811, 0.340551
0.01682, 0.01701, 14.7143, 0.283124
0.0169, 0.01711, 14.588, 0.288048
0.0169, 0.01711, 14.6445, 0.26318
0.01692, 0.01732, 15.2364, 0.309138
0.01698, 0.0176, 15.0879, 0.226785
0.01699, 0.01667, 14.8225, 0.296588
0.01705, 0.01608, 14.9443, 0.212756
0.01718, 0.01782, 14.769, 0.307813
0.01718, 0.01782, 14.9473, 0.324206
0.0172, 0.01802, 15.3554, 0.21815
0.0173, 0.01749, 14.8906, 0.281398
0.0173, 0.01749, 14.8987, 0.255715
0.01733, 0.01803, 15.1479, 0.220048
0.01733, 0.01803, 15.2571, 0.229657
0.01734, 0.01781, 15.108, 0.218624
0.01737, 0.01662, 15.057, 0.26217
0.01737, 0.01662, 15.0139, 0.261032
0.01743, 0.01732, 14.5269, 0.329528
0.01747, 0.01649, 15.0698, 0.198413
0.01747, 0.01649, 15.0603, 0.195968
0.01752, 0.01758, 14.8935, 0.229836
0.01776, 0.01681, 14.9691, 0.319272
0.01778, 0.01789, 15.0834, 0.208373
0.01778, 0.01789, 14.9934, 0.211714
0.01784, 0.01815, 15.0409, 0.245119
0.01784, 0.01815, 14.9888, 0.221228
0.0179, 0.01867, 15.0445, 0.317767
0.01802, 0.01757, 15.0131, 0.232649
0.01808, 0.01884, 15.3548, 0.199653
0.01826, 0.01826, 15.7262, 0.216805
0.01826, 0.01826, 14.9475, 0.279266
0.01839, 0.01884, 15.1863, 0.225289
0.01855, 0.01844, 15.239, 0.25393
0.01855, 0.01844, 15.323, 0.29501
0.01865, 0.01819, 15.3641, 0.237454
0.01865, 0.01819, 15.3186, 0.238466
0.01866, 0.01957, 15.3536, 0.276155
0.01875, 0.01929, 15.2936, 0.213816
0.01875, 0.01929, 15.2336, 0.319886
0.01905, 0.01802, 15.1756, 0.280109
0.01947, 0.02004, 15.5217, 0.193529
0.01947, 0.02004, 15.5555, 0.193658
0.01975, 0.01906, 15.504, 0.46583
0.01975, 0.01906, 15.4863, 0.432674
0.01976, 0.01964, 15.4335, 0.405343
0.01995, 0.01925, 15.1118, 0.29449
0.02001, 0.0193, 15.4324, 0.202483
0.02006, 0.02017, 15.2591, 0.197651
0.02019, 0.01909, 15.2542, 0.232329
0.02019, 0.01909, 15.449, 0.190556
0.02023, 0.02038, 15.3465, 0.186364
0.02023, 0.02038, 15.2482, 0.29433
0.02023, 0.02038, 15.323, 0.187974
0.02023, 0.02038, 15.3952, 0.185881
0.02024, 0.0196, 15.7458, 0.185763
0.02034, 0.02117, 15.5635, 0.240313
0.02034, 0.02117, 15.3219, 0.374851
0.02035, 0.01946, 15.3179, 0.185756
0.02035, 0.01946, 15.3126, 0.175653
0.02035, 0.01946, 15.2401, 0.188829
0.02044, 0.02015, 15.4022, 0.212886
0.02049, 0.02095, 15.8733, 0.374812
0.02052, 0.02025, 15.303, 0.33281
0.02056, 0.02113, 15.1638, 0.215471
0.02056, 0.02039, 15.3117, 0.24804
0.02081, 0.02159, 15.2333, 0.32934
0.02082, 0.01979, 15.421, 0.229315
0.02082, 0.01979, 15.3819, 0.253074
0.0209, 0.0209, 15.5588, 0.299007
0.02096, 0.02033, 15.4426, 0.214804
0.02106, 0.02109, 15.4163, 0.229102
0.02116, 0.02117, 15.122, 0.201286
0.02116, 0.0214, 15.5664, 0.194561
0.02118, 0.02062, 15.865, 0.309511
0.02118, 0.02062, 15.9526, 0.302902
0.02131, 0.02075, 15.5031, 0.178554
0.02131, 0.02075, 15.4814, 0.175108
0.02131, 0.02075, 15.4889, 0.185801
0.02134, 0.02032, 15.5097, 0.338897
0.02137, 0.02146, 15.0938, 0.19717
0.02151, 0.02121, 15.3369, 0.197339
0.02153, 0.02028, 15.3584, 0.392396
0.0217, 0.022, 15.5179, 0.193993
0.02183, 0.0224, 15.5053, 0.282159
0.02183, 0.0224, 15.5212, 0.252205
0.02197, 0.02206, 15.6059, 0.244964
0.02198, 0.02246, 15.7124, 0.215286
0.02203, 0.02269, 15.4209, 0.246309
0.02205, 0.02104, 15.4947, 0.197256
0.02207, 0.0223, 15.6317, 0.184059
0.02215, 0.02309, 15.7951, 0.287366
0.02219, 0.02194, 15.7606, 0.214466
0.02228, 0.02284, 15.5529, 0.178146
0.02228, 0.02284, 15.5704, 0.256694
0.02231, 0.02194, 15.6715, 0.167677
0.02234, 0.02103, 15.5197, 0.197164
0.02234, 0.02103, 15.6174, 0.202689
0.02236, 0.02252, 15.5284, 0.223034
0.02239, 0.02229, 15.5184, 0.301448
0.02239, 0.02229, 15.6073, 0.241616
0.0224, 0.02128, 15.506, 0.287454
0.0224, 0.02128, 15.5467, 0.253838
0.02241, 0.02317, 15.7862, 0.21282
0.02255, 0.02127, 15.4776, 0.241638
0.02266, 0.0229, 15.5908, 0.218888
0.0227, 0.02271, 15.6163, 0.201499
0.02273, 0.02341, 15.4319, 0.357306
0.02295, 0.02269, 16.0155, 0.303676
0.02295, 0.02331, 15.6054, 0.19945
0.02298, 0.02289, 15.7462, 0.266
0.02298, 0.02289, 15.7182, 0.235743
0.02303, 0.02341, 15.732, 0.188819
0.02307, 0.02338, 15.5136, 0.339266
0.02313, 0.02233, 15.7695, 0.269874
0.02316, 0.02315, 15.63, 0.273642
0.02321, 0.02237, 15.6638, 0.17647
0.02325, 0.02327, 15.8007, 0.22811
0.02331, 0.02184, 15.3948, 0.265593
0.02331, 0.02184, 15.1771, 0.278115
0.02342, 0.02207, 15.7321, 0.281287
0.02342, 0.02207, 15.7551, 0.220042
0.02342, 0.02207, 15.7253, 0.22378
0.02343, 0.02227, 15.6052, 0.258869
0.02343, 0.02227, 15.6052, 0.168487
0.02344, 0.0232, 15.5801, 0.262385
0.02352, 0.02306, 15.5861, 0.214185
0.02354, 0.02389, 15.7468, 0.216038
0.02357, 0.02396, 15.7876, 0.2048
0.02357, 0.02396, 15.6979, 0.257717
0.02357, 0.02222, 15.3185, 0.260349
0.02365, 0.02286, 15.7013, 0.272706
0.02369, 0.02324, 15.69, 0.208056
0.02388, 0.02425, 15.7419, 0.178773
0.0239, 0.02306, 15.636, 0.402793
0.0239, 0.02302, 15.741, 0.276066
0.02391, 0.02361, 15.6463, 0.188406
0.02401, 0.02483, 15.8488, 0.193136
0.02411, 0.02427, 15.8519, 0.309153
0.02411, 0.02427, 15.2181, 0.39756
0.02412, 0.02304, 15.6252, 0.222434
0.02417, 0.02362, 15.6891, 0.206529
0.02417, 0.02362, 15.831, 0.181558
0.02428, 0.0236, 15.9273, 0.230676
0.02429, 0.0233, 15.8241, 0.193541
0.02432, 0.02309, 15.7341, 0.182157
0.02432, 0.02309, 15.7, 0.196215
0.02432, 0.02468, 15.9787, 0.23365
0.02434, 0.02303, 15.7572, 0.200135
0.02453, 0.0251, 15.755, 0.159749
0.02453, 0.0251, 15.8216, 0.208209
0.02453, 0.0251, 15.6963, 0.168725
0.02457, 0.02431, 15.9254, 0.187175
0.02462, 0.02342, 15.8531, 0.234003
0.02462, 0.02342, 15.7991, 0.229679
0.02462, 0.02342, 15.6368, 0.232409
0.02464, 0.02308, 15.6998, 0.212083
0.02464, 0.02308, 15.554, 0.180451
0.02466, 0.02531, 15.5582, 0.316446
0.02491, 0.02526, 15.8332, 0.239027
0.02494, 0.02409, 15.9443, 0.226892
0.02509, 0.02507, 15.9622, 0.267166
0.0251, 0.02604, 15.5839, 0.286774
0.0251, 0.02604, 15.5952, 0.179903
0.0251, 0.02528, 15.826, 0.204219
0.0251, 0.02604, 15.756, 0.174816
0.02512, 0.02402, 15.7746, 0.188272
0.02513, 0.02527, 15.2053, 0.332169
0.02517, 0.02428, 15.6587, 0.305292
0.02517, 0.02428, 15.9459, 0.236747
0.02517, 0.02428, 15.9747, 0.202583
0.02519, 0.02441, 15.8609, 0.152945
0.02519, 0.02441, 15.8615, 0.172727
0.02521, 0.0256, 15.7312, 0.183307
0.02525, 0.02438, 15.6911, 0.239204
0.02525, 0.02438, 15.6533, 0.267708
0.02534, 0.02493, 15.9352, 0.174626
0.02534, 0.02551, 15.9444, 0.183966
0.02556, 0.02565, 15.9298, 0.23216
0.02557, 0.02385, 15.8091, 0.188251
0.02585, 0.0249, 15.5134, 0.343633
0.02591, 0.02448, 15.8651, 0.198351
0.02596, 0.02648, 16.1484, 0.198664
0.02598, 0.02484, 16.0401, 0.177503
0.02598, 0.02484, 15.8551, 0.196395
0.02598, 0.02484, 15.582, 0.347266
0.02598, 0.02561, 16.0581, 0.176679
0.02626, 0.02515, 16.0325, 0.287644
0.02626, 0.02515, 16.0899, 0.322102
0.02632, 0.02678, 15.7693, 0.371366
0.02669, 0.02522, 16.055, 0.177546
0.02691, 0.02675, 16.0158, 0.181374
0.02691, 0.02675, 16.0362, 0.204105
0.02695, 0.02604, 15.8654, 0.179348
0.02713, 0.02537, 15.9983, 0.184798
0.02714, 0.0276, 16.0694, 0.214364
0.0273, 0.02823, 16.0362, 0.297685
0.02731, 0.02751, 16.0143, 0.170229
0.02731, 0.02696, 16.0907, 0.229204
0.02731, 0.02696, 15.8588, 0.345538
0.02731, 0.02696, 15.974, 0.260248
0.02736, 0.02531, 16.06, 0.218475
0.0274, 0.02783, 16.0512, 0.351818
0.02741, 0.02734, 16.2706, 0.223713
0.02748, 0.02665, 15.86, 0.170601
0.02748, 0.02665, 15.9008, 0.184895
0.02748, 0.02665, 15.8587, 0.168141
0.02773, 0.02567, 16.0937, 0.288615
0.02803, 0.0283, 16.4728, 0.320564
0.02805, 0.02814, 15.8776, 0.182787
0.0281, 0.02873, 16.4209, 0.214662
0.02816, 0.02809, 16.1083, 0.188706
0.02819, 0.02705, 16.0644, 0.171301
0.0282, 0.02901, 16.0344, 0.291687
0.02823, 0.02893, 16.2531, 0.160842
0.02823, 0.02893, 16.3033, 0.157926
0.02823, 0.02893, 16.305, 0.158705
0.02833, 0.0281, 16.0135, 0.17548
0.02844, 0.0284, 16.119, 0.158011
0.02844, 0.0284, 16.0891, 0.15418
0.02849, 0.02873, 15.8519, 0.179717
0.02849, 0.02617, 16.1838, 0.178289
0.02849, 0.02617, 16.0383, 0.176186
0.02849, 0.02617, 16.106, 0.178209
0.02849, 0.02877, 15.9433, 0.365609
0.02857, 0.0274, 16.3466, 0.233453
0.02858, 0.02716, 16.4066, 0.249928
0.02866, 0.02953, 16.0919, 0.209647
0.02866, 0.02871, 16.1575, 0.200097
0.02873, 0.02731, 15.6957, 0.226143
0.02888, 0.0293, 16.0233, 0.65456
0.02898, 0.02837, 16.2249, 0.274049
0.02902, 0.02782, 15.8028, 0.21699
0.02913, 0.02823, 16.2622, 0.249362
0.02915, 0.02954, 16.4418, 0.181346
0.02917, 0.02902, 15.9861, 0.183851
0.02919, 0.02833, 16.3494, 0.167829
0.02938, 0.02835, 16.3692, 0.298748
0.02938, 0.02812, 16.219, 0.224134
0.02944, 0.0292, 16.0231, 0.178889
0.02947, 0.02991, 15.8409, 0.271354
0.02949, 0.03013, 16.3549, 0.222602
0.0295, 0.03034, 16.1108, 0.282455
0.02953, 0.03075, 16.2124, 0.175805
0.02956, 0.02852, 16.2534, 0.188976
0.02969, 0.02947, 16.0251, 0.192235
0.02978, 0.03026, 16.2485, 0.188445
0.02978, 0.02871, 16.2586, 0.188868
0.0299, 0.03046, 16.1824, 0.183358
0.02996, 0.03081, 16.608, 0.19062
0.03012, 0.03101, 16.2665, 0.19422
0.03012, 0.03101, 16.2308, 0.197459
0.03012, 0.03101, 16.2231, 0.231922
0.03023, 0.03036, 16.2655, 0.163802
0.03031, 0.03064, 16.3012, 0.214581
0.03036, 0.0289, 16.2273, 0.171694
0.03047, 0.0285, 16.2815, 0.256833
0.03059, 0.03074, 16.1056, 0.162287
0.03075, 0.03167, 16.0992, 0.342093
0.03076, 0.03081, 16.3554, 0.21095
0.03083, 0.03086, 16.2118, 0.277436
0.03086, 0.03007, 16.1634, 0.182859
0.03091, 0.03099, 16.2396, 0.164272
0.03096, 0.03022, 16.3951, 0.204901
0.03108, 0.03063, 16.6694, 0.398388
0.03108, 0.03065, 16.153, 0.33102
0.03108, 0.03065, 16.0844, 0.37432
0.0311, 0.03134, 16.312, 0.181727
0.03114, 0.03203, 16.417, 0.235291
0.03114, 0.03203, 16.2879, 0.182914
0.03116, 0.03111, 16.3347, 0.166924
0.03117, 0.03065, 16.2774, 0.282294
0.03118, 0.03059, 16.4145, 0.17243
0.0312, 0.03044, 16.2427, 0.17387
0.0312, 0.03044, 16.3263, 0.146208
0.0312, 0.03044, 16.2311, 0.151414
0.03121, 0.03208, 16.519, 0.222596
0.03121, 0.03208, 16.4898, 0.225151
0.03121, 0.03208, 16.5337, 0.21497
0.03132, 0.02996, 16.3701, 0.319748
0.03143, 0.02992, 16.3931, 0.194347
0.03143, 0.03165, 16.3072, 0.183588
0.03147, 0.03136, 16.6589, 0.272567
0.03148, 0.03029, 16.4487, 0.162055
0.03148, 0.03207, 16.454, 0.218912
0.03162, 0.03198, 16.3944, 0.192354
0.03162, 0.03198, 16.4317, 0.186128
0.03166, 0.03232, 16.4749, 0.175991
0.03192, 0.031, 16.2062, 0.274741
0.03201, 0.03103, 16.2366, 0.146203
0.03236, 0.03123, 16.4216, 0.200299
0.03255, 0.03183, 16.323, 0.194953
0.0326, 0.03176, 16.6032, 0.257396
0.0326, 0.03176, 16.6047, 0.293379
0.03264, 0.0307, 16.6278, 0.188113
0.03264, 0.0307, 16.4126, 0.273194
0.03264, 0.03309, 16.6552, 0.19632
0.03272, 0.03354, 16.4108, 0.153695
0.03272, 0.03354, 16.3836, 0.167699
0.03272, 0.03354, 16.3901, 0.145945
0.03282, 0.03338, 16.3799, 0.202232
0.03289, 0.03323, 16.5851, 0.176607
0.0329, 0.03155, 16.4718, 0.151157
0.03294, 0.03285, 16.5462, 0.324902
0.03296, 0.03139, 16.4794, 0.218528
0.03296, 0.03139, 16.6377, 0.22412
0.03298, 0.03194, 16.3634, 0.165831
0.03333, 0.03303, 16.4113, 0.148513
0.03333, 0.03303, 16.4738, 0.160376
0.03335, 0.0334, 16.5629, 0.19712
0.03341, 0.03404, 16.6117, 0.148553
0.03341, 0.03404, 16.5986, 0.141058
0.03371, 0.0343, 16.5267, 0.1574
0.03373, 0.03229, 16.576, 0.272338
0.03375, 0.03438, 16.7699, 0.241513
0.03378, 0.03275, 16.5746, 0.257715
0.03393, 0.03224, 16.6559, 0.175145
0.03403, 0.0341, 16.5057, 0.311799
0.03428, 0.03467, 16.6658, 0.205651
0.03428, 0.03467, 16.6848, 0.209584
0.03437, 0.03466, 16.5307, 0.215389
0.03441, 0.03474, 16.572, 0.339534
0.03451, 0.03265, 16.7227, 0.357064
0.03459, 0.036, 16.4818, 0.153296
0.03479, 0.03316, 16.6036, 0.203994
0.03491, 0.03426, 16.6588, 0.163417
0.03512, 0.03468, 16.6286, 0.167159
0.03515, 0.03525, 16.6407, 0.209934
0.03516, 0.03449, 16.5482, 0.482576
0.03516, 0.03449, 16.5508, 0.4813
0.03522, 0.03472, 16.5819, 0.33312
0.03529, 0.03561, 16.608, 0.166424
0.03551, 0.03518, 16.7375, 0.373848
0.03568, 0.03557, 16.981, 0.186511
0.03576, 0.03587, 16.7061, 0.223548
0.03576, 0.03587, 16.9015, 0.22873
0.03583, 0.03457, 16.6795, 0.202439
0.03585, 0.03442, 16.2985, 0.202534
0.03599, 0.03556, 16.7379, 0.185228
0.03616, 0.03483, 16.6056, 0.221845
0.03624, 0.0371, 16.9315, 0.185288
0.03635, 0.03505, 16.7505, 0.183273
0.03682, 0.03761, 16.6752, 0.154255
0.03682, 0.03761, 16.6306, 0.183129
0.03697, 0.03849, 16.8218, 0.288021
0.03702, 0.03548, 16.5526, 0.306981
0.03702, 0.03548, 16.6757, 0.317324
0.03702, 0.03719, 16.8165, 0.17293
0.03702, 0.03766, 16.827, 0.335728
0.03705, 0.0367, 16.7107, 0.164362
0.03707, 0.03642, 16.7945, 0.164133
0.03725, 0.03713, 16.7537, 0.13249
0.03725, 0.03713, 16.7397, 0.146711
0.0373, 0.03486, 16.6168, 0.187759
0.0374, 0.03817, 16.7259, 0.16144
0.03753, 0.03672, 16.696, 0.261217
0.03756, 0.03707, 17.0803, 0.169106
0.03756, 0.03707, 16.9655, 0.169201
0.03787, 0.03888, 16.7533, 0.204884
0.0379, 0.03763, 16.8094, 0.160756
0.03796, 0.037, 16.8359, 0.197034
0.03818, 0.03694, 16.6408, 0.149302
0.03818, 0.03694, 16.6087, 0.150297
0.03828, 0.039, 16.8611, 0.234604
0.03834, 0.03765, 17.2647, 0.244319
0.03847, 0.03889, 16.9724, 0.310014
0.03848, 0.03667, 17.0034, 0.147524
0.03873, 0.03777, 16.7595, 0.168197
0.03884, 0.03768, 16.773, 0.21784
0.03902, 0.03812, 16.7595, 0.202924
0.03909, 0.03836, 16.9432, 0.219165
0.0391, 0.038, 16.9595, 0.181523
0.04014, 0.04119, 17.031, 0.145415
0.04035, 0.03937, 17.2956, 0.233076
0.04056, 0.04039, 16.7637, 0.14091
0.04056, 0.04039, 16.8288, 0.142444
0.04077, 0.04099, 16.7388, 0.208725
0.04089, 0.0393, 16.8733, 0.166662
0.04095, 0.04, 17.1574, 0.305998
0.04099, 0.03964, 16.7873, 0.144749
0.04101, 0.04069, 17.0623, 0.148357
0.04167, 0.04075, 17.3071, 0.278818
0.04222, 0.04359, 16.9571, 0.206282
0.04258, 0.043, 17.2576, 0.425631
0.04268, 0.04146, 17.0401, 0.148584
0.04268, 0.04175, 16.6608, 0.29325
0.04285, 0.04177, 16.9991, 0.17345
0.04285, 0.04177, 16.9541, 0.164312
0.04289, 0.04332, 16.9488, 0.160264
0.04306, 0.04191, 16.9927, 0.205288
0.04349, 0.04269, 17.1635, 0.163855
0.04349, 0.04389, 16.9607, 0.149773
0.04349, 0.04389, 17.0352, 0.164424
0.04369, 0.04485, 17.0064, 0.175714
0.04408, 0.04277, 17.0768, 0.179185
0.04438, 0.04457, 17.2939, 0.229619
0.04439, 0.04525, 17.0386, 0.247611
0.0444, 0.045, 17.298, 0.269174
0.04464, 0.0448, 17.2584, 0.284996
0.04487, 0.04539, 17.2035, 0.160073
0.04521, 0.04385, 17.4336, 0.303723
0.04545, 0.04385, 17.2011, 0.1944
0.04575, 0.04592, 17.2104, 0.171419
0.04575, 0.04592, 17.2609, 0.149515
0.04583, 0.04457, 16.9049, 0.180751
0.0459, 0.0447, 17.1281, 0.194137
0.04625, 0.04526, 17.0106, 0.216428
0.04631, 0.04555, 17.2864, 0.156917
0.04643, 0.04624, 17.0717, 0.193143
0.04656, 0.04551, 17.2551, 0.207815
0.04664, 0.04558, 17.2183, 0.192203
0.04682, 0.04603, 17.2256, 0.145717
0.04682, 0.04603, 17.2327, 0.180924
0.04691, 0.04644, 17.5052, 0.279376
0.04738, 0.0456, 17.3112, 0.227553
0.0476, 0.04611, 17.3479, 0.159417
0.04777, 0.04655, 17.3416, 0.142856
0.04777, 0.04681, 17.3097, 0.207053
0.04819, 0.04779, 17.2446, 0.16366
0.04837, 0.04879, 17.1205, 0.152367
0.0486, 0.0499, 17.0773, 0.133124
0.04865, 0.04944, 17.388, 0.179443
0.04934, 0.05057, 17.3467, 0.200877
0.0494, 0.0478, 17.2161, 0.174923
0.04944, 0.04844, 17.3298, 0.165914
0.04985, 0.04909, 17.3872, 0.242899
0.04989, 0.04863, 17.2184, 0.183555
0.05018, 0.05014, 17.3163, 0.153455
0.05023, 0.05127, 17.6053, 0.160978
0.05032, 0.05, 17.2873, 0.452607
0.05044, 0.04924, 17.2091, 0.200082
0.05049, 0.0518, 17.2931, 0.189043
0.05052, 0.04981, 17.4506, 0.130602
0.05066, 0.04954, 17.5993, 0.30135
0.05106, 0.0525, 17.6274, 0.166181
0.05126, 0.05311, 17.14, 0.199631
0.05151, 0.05093, 17.3332, 0.154491
0.05194, 0.05051, 17.5229, 0.226579
0.05202, 0.0531, 17.6149, 0.206551
0.05202, 0.0531, 17.2903, 0.297607
0.05222, 0.05312, 17.5881, 0.216572
0.05262, 0.05447, 17.6614, 0.205745
0.05309, 0.05273, 17.5222, 0.159497
0.05316, 0.05287, 17.5944, 0.170074
0.05346, 0.0534, 17.6101, 0.131065
0.05468, 0.05343, 17.5797, 0.176852
0.05469, 0.05399, 17.6051, 0.147136
0.05502, 0.0544, 17.3903, 0.173333
0.05541, 0.05439, 17.6146, 0.19249
0.05614, 0.05569, 17.5579, 0.191265
0.05653, 0.05787, 17.6568, 0.18307
0.05693, 0.05547, 17.7863, 0.174228
0.05708, 0.05739, 17.7373, 0.169312
0.05728, 0.0568, 17.8157, 0.21967
0.05824, 0.0586, 17.7291, 0.135485
0.05824, 0.0586, 17.6794, 0.144234
0.0583, 0.05827, 17.7015, 0.180838
0.05886, 0.05776, 17.7272, 0.213869
0.05886, 0.05776, 17.893, 0.251358
0.05974, 0.06, 17.0471, 0.616925
0.06092, 0.05953, 17.779, 0.175525
0.06099, 0.06015, 17.9101, 0.120944
0.06099, 0.06015, 17.9395, 0.158283
0.06121, 0.06194, 17.8853, 0.196159
0.06137, 0.06227, 17.7078, 0.194277
0.06137, 0.06227, 17.7161, 0.139395
0.06153, 0.06257, 17.8217, 0.181317
0.06372, 0.06405, 18.0987, 0.204745
0.06384, 0.06289, 17.7667, 0.153498
0.06446, 0.0627, 17.8256, 0.15205
0.06533, 0.06499, 17.8321, 0.150634
0.06627, 0.06479, 18.1087, 0.201511
0.06654, 0.06707, 17.9097, 0.294956
0.06711, 0.06602, 18.1707, 0.192528
0.06725, 0.06741, 17.9814, 0.201202
0.06786, 0.06889, 18.2405, 0.188576
0.06844, 0.06766, 17.9851, 0.189306
0.06886, 0.0678, 18.1683, 0.15702
0.06897, 0.06828, 18.0287, 0.172038
0.07023, 0.0696, 18.0414, 0.276366
0.07056, 0.06965, 18.0431, 0.225296
0.07056, 0.06965, 18.0245, 0.210599
0.07073, 0.06976, 18.2257, 0.174101
0.07083, 0.06981, 18.2284, 0.446252
0.07089, 0.07191, 18.2013, 0.246335
0.0709, 0.07, 18.4761, 0.5011
0.07091, 0.0718, 18.1182, 0.226654
0.07116, 0.07096, 18.1022, 0.194143
0.07158, 0.07267, 17.9964, 0.158791
0.07167, 0.0708, 18.1625, 0.207205
0.07193, 0.07085, 18.3088, 0.178788
0.07222, 0.07268, 18.3789, 0.197861
0.07252, 0.07188, 18.3695, 0.303565
0.07393, 0.07363, 18.3005, 0.174425
0.0744, 0.0752, 18.1816, 0.220406
0.07446, 0.07339, 18.1971, 0.190211
0.0752, 0.07602, 18.2233, 0.177722
0.0752, 0.07602, 18.3126, 0.152624
0.0756, 0.076, 18.5612, 0.287885
0.07575, 0.07642, 18.2931, 0.215486
0.07588, 0.075, 18.3812, 0.196478
0.07845, 0.07937, 18.3185, 0.147949
0.07859, 0.07772, 18.5785, 0.143561
0.07875, 0.07944, 18.7624, 0.237723
0.07875, 0.07944, 18.8412, 0.178084
0.07895, 0.08, 18.3458, 0.502614
0.07906, 0.07995, 18.5313, 0.236664
0.07931, 0.08024, 18.277, 0.14472
0.07991, 0.079, 18.3473, 0.155478
0.08009, 0.07954, 18.4138, 0.116193
0.08167, 0.08273, 18.4685, 0.217982
0.08245, 0.08177, 18.5662, 0.215925
0.08282, 0.08358, 18.4244, 0.264262
0.08309, 0.08408, 18.7409, 0.193241
0.0841, 0.08493, 18.7156, 0.219943
0.08572, 0.08658, 18.5876, 0.125696
0.08704, 0.08748, 18.5954, 0.215122
0.0887, 0.08979, 18.5242, 0.251737
0.09039, 0.08951, 18.6672, 0.215354
0.09089, 0.09, 18.7739, 0.165363
0.09205, 0.09314, 18.9072, 0.264969
0.09293, 0.092, 18.9696, 0.492553
0.0995, 0.0984, 19.1847, 0.192832
0.10165, 0.10102, 19.0452, 0.16334
0.10221, 0.1011, 19.1555, 0.185457
0.10246, 0.10154, 18.9981, 0.197718
0.10294, 0.1034, 18.9285, 0.184283
0.10361, 0.10467, 19.0808, 0.123462
0.10374, 0.10484, 18.9549, 0.194592
0.10507, 0.1062, 19.1765, 0.234634
0.10661, 0.10762, 19.0081, 0.193664
0.10707, 0.10813, 19.2094, 0.14869
0.10711, 0.10822, 19.1765, 0.208727
0.10713, 0.106, 19.5271, 0.467763
0.10774, 0.10855, 19.2454, 0.178023
0.10794, 0.10682, 19.1487, 0.185149
0.10908, 0.11022, 19.1486, 0.130417
0.11001, 0.1091, 19.3171, 0.177701
0.11259, 0.11371, 19.3684, 0.160952
0.11388, 0.11489, 19.1346, 0.193044
0.1165, 0.11757, 19.2878, 0.157601
0.11653, 0.117, 19.3772, 0.18377
0.1176, 0.11813, 19.3197, 0.23811
0.11792, 0.11908, 19.3558, 0.212712
0.11818, 0.11934, 19.1627, 0.124156
0.11901, 0.1182, 19.3099, 0.210657
0.12014, 0.12124, 19.3428, 0.198366
0.12058, 0.12168, 19.5396, 0.250808
0.12086, 0.12, 19.3818, 0.30142
0.12207, 0.12323, 19.3415, 0.15559
0.12231, 0.122, 19.3589, 0.22956
0.12278, 0.12319, 19.4323, 0.14204
0.12316, 0.1242, 19.3437, 0.273311
0.12357, 0.1246, 19.3634, 0.159899
0.12377, 0.1249, 19.5479, 0.332272
0.12383, 0.125, 19.5712, 0.147879
0.12393, 0.12449, 19.3974, 0.143276
0.12405, 0.1252, 19.582, 0.21988
0.12472, 0.12588, 19.5086, 0.12294
0.1256, 0.12679, 19.8887, 0.297722
0.12623, 0.12661, 19.2426, 0.292103
0.12706, 0.12825, 19.5595, 0.258272
0.1271, 0.12825, 19.4319, 0.279584
0.1272, 0.1276, 19.4899, 0.157206
0.12732, 0.12783, 19.5311, 0.174841
0.1292, 0.13003, 19.5017, 0.148545
0.12921, 0.12976, 19.5873, 0.211075
0.1295, 0.13056, 19.58, 0.248982
0.12958, 0.13077, 19.5899, 0.140171
0.13169, 0.13216, 19.549, 0.13184
0.13281, 0.1319, 19.5311, 0.119156
0.13366, 0.13431, 19.5736, 0.28243
0.13372, 0.13461, 19.5904, 0.155367
0.13477, 0.1352, 19.9836, 0.19752
0.13535, 0.13636, 19.8245, 0.312165
0.13614, 0.1369, 19.7241, 0.204855
0.13658, 0.13742, 19.5945, 0.193696
0.137, 0.13809, 19.7565, 0.222665
0.13713, 0.13834, 19.7086, 0.257725
0.13745, 0.13864, 20.0981, 0.228804
0.13822, 0.13929, 19.6327, 0.125613
0.13826, 0.1392, 19.6973, 0.157441
0.1384, 0.1396, 19.7699, 0.121281
0.13851, 0.13973, 19.7871, 0.31794
0.13875, 0.1397, 19.7469, 0.173939
0.1388, 0.14, 19.7937, 0.127924
0.13955, 0.14, 19.7683, 0.143245
0.14082, 0.14191, 19.9245, 0.182028
0.14104, 0.1422, 20.0305, 0.201715
0.14123, 0.142, 19.7877, 0.210706
0.14134, 0.1421, 19.8707, 0.259463
0.14325, 0.1437, 19.794, 0.158316
0.14345, 0.1445, 20.2624, 0.369665
0.14359, 0.1448, 19.8605, 0.126647
0.14404, 0.14479, 19.8226, 0.168444
0.14423, 0.14539, 19.763, 0.239442
0.14542, 0.14643, 19.8988, 0.208421
0.14638, 0.14715, 19.9327, 0.205643
0.14652, 0.147, 19.905, 0.185624
0.14737, 0.14784, 19.7624, 0.19564
0.14747, 0.1487, 19.7142, 0.169668
0.14771, 0.14881, 19.881, 0.186845
0.14778, 0.1475, 19.908, 0.168022
0.14803, 0.14896, 19.9755, 0.183004
0.14806, 0.14927, 19.7852, 0.155606
0.14834, 0.14915, 19.7709, 0.140105
0.14898, 0.15021, 19.9076, 0.172844
0.1494, 0.1502, 19.8574, 0.173123
0.1505, 0.1513, 19.8528, 0.167881
0.15084, 0.15, 19.9157, 0.131373
0.15195, 0.153, 19.7947, 0.156456
0.15291, 0.15408, 20.0709, 0.171081
0.15318, 0.15438, 19.9645, 0.124868
0.15336, 0.15441, 19.8461, 0.157633
0.15341, 0.15406, 20.0034, 0.177329
0.15357, 0.15472, 20.1109, 0.173378
0.15511, 0.15629, 19.9546, 0.165696
0.15526, 0.15649, 20.025, 0.155517
0.15536, 0.15653, 20.1464, 0.173773
0.15601, 0.1571, 19.7174, 0.177159
0.15671, 0.15763, 19.9557, 0.208548
0.15856, 0.15973, 19.8264, 0.161473
0.15921, 0.16, 20.1737, 0.282399
0.15931, 0.1604, 19.6973, 0.141359
0.15948, 0.1599, 19.8378, 0.140474
0.16004, 0.16051, 19.7898, 0.269298
0.16008, 0.16101, 19.9756, 0.165527
0.16053, 0.16149, 19.9527, 0.215367
0.16061, 0.16, 20.1712, 0.258956
0.16077, 0.16199, 19.9632, 0.207521
0.16122, 0.16, 20.0576, 0.244838
0.16236, 0.1632, 20.0722, 0.222431
0.16375, 0.1647, 20.0277, 0.199176
0.16448, 0.16551, 20.0104, 0.197482
0.16471, 0.16549, 20.0763, 0.136814
0.16495, 0.1659, 20.0652, 0.148483
0.16603, 0.1671, 20.2408, 0.240376
0.16606, 0.16725, 19.9287, 0.191603
0.16828, 0.1694, 20.0227, 0.163613
0.16924, 0.168, 20.2625, 0.180867
0.16971, 0.1709, 20.4191, 0.273568
0.17042, 0.17167, 20.2212, 0.129908
0.17124, 0.17, 20.2894, 0.274175
0.17169, 0.1725, 20.2073, 0.21301
0.17256, 0.1738, 20.2491, 0.175342
0.1727, 0.17315, 20.0146, 0.149932
0.17297, 0.1721, 20.4733, 0.251121
0.17331, 0.17441, 20.1341, 0.129054
0.17374, 0.17489, 20.2873, 0.181179
0.17378, 0.173, 20.0963, 0.149076
0.17392, 0.17501, 20.3456, 0.317382
0.17417, 0.17504, 20.3204, 0.134443
0.1742, 0.1751, 20.0787, 0.151928
0.17438, 0.1754, 20.2523, 0.181979
0.17443, 0.1752, 20.3016, 0.22939
0.17444, 0.17532, 20.2319, 0.160388
0.17498, 0.17626, 20.4904, 0.18
0.17666, 0.1771, 20.2634, 0.132749
0.17713, 0.17839, 20.2565, 0.173535
0.17737, 0.1784, 20.2241, 0.135602
0.17786, 0.17903, 20.0864, 0.255935
0.17791, 0.177, 20.3947, 0.128745
0.17852, 0.17979, 20.7139, 0.206103
0.17901, 0.18021, 20.388, 0.155005
0.17911, 0.1804, 20.5142, 0.19965
0.17931, 0.1806, 20.2825, 0.228237
0.17952, 0.18, 20.2979, 0.279272
0.17973, 0.18047, 20.2989, 0.172535
0.17975, 0.18021, 20.3432, 0.207177
0.18004, 0.18075, 20.7449, 0.266717
0.1805, 0.18107, 20.1158, 0.134945
0.18073, 0.182, 20.2505, 0.130991
0.18078, 0.1816, 20.4636, 0.177112
0.18082, 0.18, 20.3861, 0.131234
0.18086, 0.18, 20.3621, 0.244722
0.18092, 0.18137, 20.3683, 0.206231
0.18126, 0.18, 20.4055, 0.224342
0.18136, 0.18191, 20.2338, 0.13131
0.18145, 0.18191, 20.1423, 0.233619
0.18217, 0.18284, 20.3333, 0.199241
0.18229, 0.18293, 20.2729, 0.147406
0.18231, 0.18299, 20.4355, 0.150029
0.18252, 0.1837, 20.5291, 0.175251
0.1836, 0.1849, 20.3465, 0.29295
0.18375, 0.18472, 20.427, 0.149144
0.18389, 0.18519, 20.499, 0.195575
0.18402, 0.18531, 20.543, 0.216702
0.18458, 0.18531, 20.6854, 0.281171
0.18459, 0.18545, 20.5361, 0.140077
0.18484, 0.18611, 20.4018, 0.2755
0.18493, 0.18617, 20.36, 0.132133
0.18506, 0.18579, 20.4905, 0.157021
0.18515, 0.18645, 20.3817, 0.158153
0.18522, 0.18651, 20.2897, 0.170059
0.18527, 0.184, 20.5352, 0.136717
0.18667, 0.18796, 20.5029, 0.141963
0.18728, 0.1879, 20.5164, 0.134017
0.18809, 0.1892, 20.4921, 0.189553
0.18906, 0.18978, 20.1854, 0.147113
0.18908, 0.19, 20.5559, 0.254842
0.18929, 0.19024, 20.6829, 0.227356
0.18929, 0.19023, 20.8878, 0.198697
0.18948, 0.19064, 20.4883, 0.207448
0.18952, 0.19, 20.5094, 0.237114
0.18995, 0.19094, 20.4756, 0.223097
0.19025, 0.19138, 20.6277, 0.155666
0.19042, 0.19154, 20.4362, 0.293734
0.19044, 0.19114, 20.6652, 0.152469
0.19413, 0.1952, 20.5453, 0.217185
0.19434, 0.1949, 20.6257, 0.220354
0.19546, 0.1959, 20.8813, 0.403052
0.19553, 0.19599, 20.4581, 0.154272
0.19557, 0.1967, 20.6552, 0.194065
0.19568, 0.197, 20.705, 0.210601
0.19616, 0.1953, 20.4758, 0.121857
0.19621, 0.19739, 20.5217, 0.155637
0.19627, 0.19712, 20.5867, 0.253215
0.19635, 0.1972, 20.6397, 0.292175
0.19733, 0.19863, 20.5488, 0.138981
0.19741, 0.19843, 20.4402, 0.128057
0.19782, 0.1983, 20.239, 0.187234
0.19817, 0.19943, 20.5031, 0.180536
0.19828, 0.199, 20.6349, 0.172306
0.19861, 0.1996, 21.0716, 0.237064
0.19877, 0.198, 20.6351, 0.209756
0.19878, 0.2, 20.636, 0.172401
0.19908, 0.2002, 20.7686, 0.215956
0.19953, 0.2, 20.5981, 0.252789
0.19961, 0.199, 20.4234, 0.244669
0.1997, 0.201, 20.6435, 0.169412
0.20077, 0.202, 20.4307, 0.193097
0.20083, 0.2, 20.7308, 0.251511
0.20087, 0.2, 20.5142, 0.314972
0.20128, 0.2, 20.6045, 0.215266
0.20231, 0.20355, 20.3654, 0.196276
0.20249, 0.2038, 20.7419, 0.157404
0.20279, 0.20406, 20.5843, 0.182984
0.2032, 0.20449, 20.7128, 0.144119
0.20329, 0.20444, 20.6292, 0.164646
0.20331, 0.204, 20.6747, 0.171689
0.20334, 0.20462, 20.6805, 0.214434
0.20382, 0.20474, 20.6511, 0.169342
0.20469, 0.20587, 20.6279, 0.157717
0.20483, 0.2057, 20.5897, 0.200513
0.20523, 0.2064, 20.9131, 0.226108
0.20562, 0.20646, 20.5596, 0.172847
0.20691, 0.20786, 20.6695, 0.278525
0.20748, 0.20881, 21.063, 0.332572
0.20751, 0.20797, 20.8195, 0.146505
0.2084, 0.20961, 20.4769, 0.270839
0.20856, 0.20978, 20.6228, 0.144273
0.20868, 0.21, 20.8504, 0.237981
0.2087, 0.21003, 20.6109, 0.195843
0.20879, 0.208, 20.6268, 0.157351
0.20948, 0.21077, 20.5883, 0.260744
0.21015, 0.211, 20.8949, 0.146409
0.21037, 0.21131, 20.2013, 0.184063
0.21084, 0.21, 20.7102, 0.221376
0.21095, 0.2115, 20.553, 0.153359
0.21114, 0.21236, 20.7022, 0.161016
0.21134, 0.21182, 20.8885, 0.264746
0.21174, 0.21266, 20.7146, 0.228911
0.212, 0.2132, 20.6606, 0.192614
0.21225, 0.2129, 20.6844, 0.242226
0.2135, 0.21481, 20.7688, 0.16306
0.21365, 0.21498, 20.7554, 0.188405
0.21398, 0.2152, 20.6344, 0.195634
0.2144, 0.2149, 20.7649, 0.297682
0.21507, 0.21552, 20.6295, 0.477123
0.21521, 0.2164, 21.2111, 0.227836
0.21578, 0.21711, 20.9723, 0.257304
0.2165, 0.217, 20.5723, 0.138936
0.21689, 0.218, 20.8142, 0.188459
0.21692, 0.2182, 20.8402, 0.183323
0.21742, 0.21846, 20.8865, 0.268256
0.21794, 0.2193, 20.7412, 0.17274
0.21845, 0.21892, 20.9686, 0.202626
0.21881, 0.21927, 20.8886, 0.24612
0.21897, 0.22027, 20.9395, 0.23921
0.21898, 0.22028, 20.8762, 0.21715
0.21899, 0.21976, 20.7766, 0.127998
0.21941, 0.21992, 20.7518, 0.20721
0.2195, 0.22068, 20.8568, 0.157737
0.21972, 0.2184, 20.8086, 0.121352
0.21978, 0.2204, 20.8352, 0.171261
0.2199, 0.22116, 20.9857, 0.218533
0.22017, 0.2215, 20.6698, 0.241441
0.22066, 0.2212, 20.9346, 0.22365
0.22083, 0.2221, 20.8268, 0.265452
0.22132, 0.22, 20.7911, 0.140687
0.22132, 0.22, 20.8058, 0.202968
0.2215, 0.22248, 20.9407, 0.163954
0.22299, 0.22436, 21.0727, 0.27993
0.22349, 0.22476, 20.8981, 0.165084
0.22385, 0.223, 20.7632, 0.170696
0.22449, 0.225, 20.8763, 0.195353
0.22449, 0.225, 20.6919, 0.244287
0.22493, 0.22582, 20.8596, 0.158331
0.22542, 0.2241, 20.8961, 0.171928
0.22543, 0.22664, 20.8799, 0.186984
0.22551, 0.2268, 20.9326, 0.19559
0.22578, 0.225, 20.7335, 0.17388
0.22645, 0.2278, 21.1382, 0.199257
0.22726, 0.228, 20.844, 0.226887
0.22818, 0.22896, 20.9706, 0.181397
0.22865, 0.23, 20.9074, 0.307057
0.22928, 0.23063, 20.9699, 0.200596
0.22978, 0.23114, 20.8821, 0.186118
0.2302, 0.2312, 20.8753, 0.225836
0.23041, 0.2309, 21.0532, 0.258704
0.23082, 0.2306, 20.8187, 0.295617
0.23086, 0.2322, 20.8519, 0.202919
0.23092, 0.23, 21.0428, 0.224673
0.23125, 0.23237, 21.0639, 0.187823
0.23162, 0.233, 20.948, 0.225294
0.23164, 0.23259, 20.8345, 0.235724
0.23205, 0.233, 20.9515, 0.157205
0.23282, 0.2342, 20.5811, 0.17888
0.23367, 0.23446, 20.9327, 0.253626
0.23378, 0.233, 21.1618, 0.194504
0.23391, 0.2348, 20.9258, 0.290889
0.23395, 0.23524, 20.8859, 0.21239
0.23472, 0.2352, 20.9382, 0.326877
0.23481, 0.23568, 21.0254, 0.165515
0.23494, 0.23572, 20.905, 0.181242
0.2352, 0.236, 20.9099, 0.273826
0.23556, 0.23676, 20.9806, 0.212494
0.23639, 0.23768, 21.1275, 0.153376
0.23662, 0.238, 21.0106, 0.154383
0.23664, 0.23744, 21.2144, 0.191234
0.23685, 0.23811, 20.866, 0.235106
0.23693, 0.23822, 20.9749, 0.208496
0.23721, 0.2381, 20.9715, 0.202153
0.23746, 0.23826, 21.4835, 0.304522
0.23789, 0.23893, 20.9787, 0.170143
0.2395, 0.24, 20.6529, 0.206653
0.23981, 0.2403, 20.877, 0.178758
0.2402, 0.24, 21.1317, 0.262843
0.24085, 0.24, 21.1486, 0.164535
0.24122, 0.241, 21.0761, 0.127834
0.24151, 0.242, 20.8684, 0.182146
0.24164, 0.2427, 20.919, 0.260278
0.2422, 0.24354, 21.311, 0.219703
0.2428, 0.24419, 21.1687, 0.218194
0.24284, 0.242, 21.3204, 0.257709
0.24329, 0.24453, 20.9986, 0.140544
0.24354, 0.24462, 21.285, 0.305126
0.2441, 0.2452, 21.0426, 0.241308
0.24444, 0.24567, 20.9534, 0.220053
0.24459, 0.2451, 20.8733, 0.184175
0.24511, 0.2443, 21.0806, 0.207796
0.24523, 0.2466, 21.2427, 0.179625
0.24553, 0.24681, 21.1052, 0.217801
0.24585, 0.2445, 21.1788, 0.165167
0.24617, 0.24749, 21.0943, 0.146956
0.2465, 0.24742, 21.125, 0.16921
0.24656, 0.2478, 21.0299, 0.213035
0.2466, 0.246, 21.1377, 0.152782
0.24711, 0.248, 20.9453, 0.134755
0.24846, 0.24984, 20.95, 0.175101
0.2486, 0.25, 21.2382, 0.214234
0.24861, 0.25, 21.1746, 0.193762
0.24862, 0.25, 21.1127, 0.260166
0.24865, 0.24956, 21.0726, 0.176269
0.24896, 0.24988, 21.174, 0.178589
0.24909, 0.25, 21.0637, 0.165166
0.24972, 0.2511, 21.4203, 0.218948
0.24983, 0.2512, 21.0431, 0.205026
0.24986, 0.25072, 21.1385, 0.161473
0.25019, 0.25, 21.3435, 0.222865
0.25022, 0.25, 21.1234, 0.216542
0.25043, 0.25177, 21.1615, 0.177575
0.25051, 0.2517, 21.3162, 0.186783
0.25063, 0.25, 21.0479, 0.186331
0.2509, 0.2522, 21.1343, 0.200797
0.25199, 0.25329, 21.2168, 0.205582
0.2526, 0.254, 21.2092, 0.164293
0.2526, 0.254, 21.1536, 0.257739
0.2533, 0.2542, 21.1158, 0.154711
0.25358, 0.2549, 20.7773, 0.261432
0.25407, 0.2552, 21.2016, 0.165575
0.25616, 0.25695, 21.3928, 0.192289
0.2562, 0.25761, 21.3063, 0.27033
0.25637, 0.25717, 21.1199, 0.205546
0.25683, 0.25823, 21.2493, 0.250287
0.25731, 0.2587, 21.3246, 0.248499
0.25736, 0.25866, 21.2411, 0.191714
0.25772, 0.25857, 21.3558, 0.223687
0.25813, 0.2595, 21.275, 0.229632
0.25859, 0.26, 21.2133, 0.207532
0.25865, 0.25956, 21.257, 0.147331
0.25904, 0.26, 21.2888, 0.161457
0.25919, 0.26, 21.0349, 0.176551
0.25923, 0.26, 21.1725, 0.16069
0.25948, 0.2608, 21.2708, 0.232277
0.25952, 0.26, 21.189, 0.167819
0.26062, 0.26, 21.2503, 0.169147
0.26094, 0.26, 21.3598, 0.183961
0.26141, 0.26226, 21.194, 0.205762
0.26162, 0.26238, 21.1652, 0.22392
0.26172, 0.26309, 21.4344, 0.25753
0.26173, 0.2624, 21.428, 0.231725
0.26175, 0.26307, 21.139, 0.224408
0.26184, 0.2627, 21.4405, 0.247658
0.262, 0.2633, 21.4686, 0.215206
0.26303, 0.2642, 22.0111, 0.513925
0.26323, 0.263, 21.3858, 0.167936
0.2636, 0.263, 21.1467, 0.175278
0.26393, 0.263, 21.3058, 0.165516
0.26397, 0.2649, 21.0505, 0.204064
0.26408, 0.26531, 21.3812, 0.380088
0.26419, 0.2654, 21.2544, 0.236921
0.2646, 0.2651, 21.2623, 0.196115
0.26463, 0.26602, 21.4189, 0.255049
0.26582, 0.2672, 21.3557, 0.218063
0.26583, 0.267, 21.0714, 0.204333
0.2664, 0.26722, 21.0371, 0.263599
0.267, 0.26822, 21.2933, 0.203116
0.26791, 0.26838, 21.2573, 0.200253
0.26818, 0.268, 21.2093, 0.230467
0.26859, 0.27, 21.326, 0.189225
0.2686, 0.268, 21.2023, 0.238883
0.26887, 0.2701, 21.3509, 0.215471
0.2702, 0.27, 21.3833, 0.195143
0.27021, 0.271, 21.2559, 0.16264
0.27057, 0.272, 21.2609, 0.207561
0.27094, 0.27, 21.2357, 0.163916
0.27141, 0.2708, 21.3147, 0.120414
0.27276, 0.27358, 21.2885, 0.171085
0.27351, 0.27493, 21.2191, 0.206932
0.27456, 0.276, 21.4869, 0.291821
0.27509, 0.2756, 21.5239, 0.237894
0.27516, 0.2742, 21.2756, 0.240354
0.27585, 0.2773, 21.4101, 0.211862
0.27631, 0.27775, 21.4219, 0.178025
0.27668, 0.2777, 21.5974, 0.270893
0.27776, 0.2792, 21.3656, 0.243246
0.27782, 0.27836, 21.6657, 0.175971
0.27935, 0.28031, 21.4507, 0.162102
0.2799, 0.28134, 21.2526, 0.197483
0.27995, 0.279, 21.3134, 0.150935
0.2806, 0.28, 21.4133, 0.150697
0.28132, 0.282, 21.3694, 0.172665
0.28207, 0.283, 21.3456, 0.164427
0.28266, 0.28205, 21.491, 0.296127
0.28344, 0.28422, 21.4066, 0.18239
0.28405, 0.285, 21.3205, 0.151751
0.28446, 0.28585, 21.2901, 0.184598
0.28446, 0.28586, 21.4389, 0.205322
0.28478, 0.2862, 21.8605, 0.350286
0.28557, 0.287, 21.4516, 0.184018
0.28588, 0.285, 21.418, 0.171088
0.28665, 0.28805, 21.3859, 0.215826
0.28734, 0.2888, 21.3161, 0.248937
0.28758, 0.28896, 21.2849, 0.237355
0.28775, 0.2892, 21.6223, 0.225614
0.28814, 0.2891, 21.4545, 0.186062
0.28844, 0.2894, 21.496, 0.135178
0.28854, 0.29, 21.4928, 0.1632
0.28894, 0.2902, 21.6903, 0.22442
0.28901, 0.29048, 21.4898, 0.226897
0.28905, 0.29, 21.4233, 0.165869
0.28907, 0.29, 21.449, 0.275906
0.28949, 0.29, 21.7235, 0.254687
0.28995, 0.29093, 21.4863, 0.270091
0.29008, 0.291, 21.4768, 0.232933
0.29045, 0.291, 21.5331, 0.229265
0.29123, 0.29263, 21.231, 0.217476
0.29193, 0.29292, 21.5076, 0.175644
0.29196, 0.29279, 21.5123, 0.170069
0.29215, 0.29349, 21.4975, 0.482974
0.29221, 0.292, 21.1699, 0.291222
0.29251, 0.2932, 21.3848, 0.227227
0.29256, 0.294, 21.4422, 0.223209
0.29293, 0.2927, 21.4928, 0.172198
0.29298, 0.292, 21.5738, 0.201757
0.29365, 0.29506, 21.604, 0.203047
0.29504, 0.296, 21.509, 0.171668
0.2958, 0.29724, 21.7679, 0.306727
0.29587, 0.295, 21.7459, 0.163566
0.29647, 0.2978, 21.7408, 0.365057
0.29692, 0.29831, 21.4065, 0.200814
0.29695, 0.2979, 21.4975, 0.208762
0.29853, 0.3, 22.0175, 0.23116
0.29855, 0.3, 21.4009, 0.271544
0.29893, 0.3001, 21.6665, 0.253616
0.29933, 0.30081, 21.7583, 0.340612
0.29945, 0.3, 21.7683, 0.194112
0.29947, 0.30044, 21.4805, 0.184499
0.3002, 0.3, 21.7307, 0.196309
0.3003, 0.3009, 21.6265, 0.245709
0.30089, 0.3, 21.9199, 0.293486
0.30142, 0.3, 21.6055, 0.189791
0.30152, 0.303, 21.8556, 0.20427
0.30251, 0.303, 21.6364, 0.223122
0.30304, 0.304, 21.5674, 0.273372
0.30352, 0.3027, 21.6674, 0.139941
0.30365, 0.30514, 21.8248, 0.195672
0.30404, 0.305, 21.466, 0.220442
0.30406, 0.30503, 21.4522, 0.180508
0.30476, 0.30528, 21.7881, 0.241296
0.30486, 0.30581, 21.6488, 0.137489
0.30526, 0.3065, 21.3394, 0.30552
0.30538, 0.3046, 21.6524, 0.131087
0.30548, 0.306, 21.7511, 0.224608
0.30581, 0.305, 21.6921, 0.163275
0.30652, 0.308, 21.6429, 0.199749
0.30681, 0.306, 21.907, 0.237566
0.30691, 0.30791, 21.7043, 0.147609
0.30818, 0.308, 21.9488, 0.137016
0.30834, 0.30963, 21.7003, 0.252626
0.30878, 0.30929, 21.7424, 0.150006
0.30922, 0.3106, 21.793, 0.24918
0.30938, 0.3108, 21.7227, 0.269028
0.30949, 0.31099, 21.7647, 0.299213
0.30962, 0.3109, 21.467, 0.255756
0.31052, 0.31151, 21.3667, 0.335336
0.31061, 0.3112, 21.7432, 0.219739
0.31088, 0.31, 21.793, 0.180631
0.31144, 0.31, 21.7593, 0.139148
0.31179, 0.3128, 21.7847, 0.209189
0.31203, 0.313, 21.6973, 0.158158
0.31262, 0.31343, 21.7035, 0.147254
0.31267, 0.31363, 21.7822, 0.278167
0.3127, 0.3139, 21.3709, 0.204424
0.31296, 0.3139, 21.7665, 0.2017
0.31303, 0.31401, 21.7531, 0.174721
0.31387, 0.31475, 21.7698, 0.212727
0.31453, 0.316, 21.8721, 0.153352
0.31506, 0.31606, 21.7664, 0.226199
0.3152, 0.3162, 21.6307, 0.218301
0.31588, 0.315, 21.9503, 0.231736
0.31593, 0.31696, 21.68, 0.226031
0.31623, 0.3177, 21.9449, 0.272758
0.31782, 0.3188, 21.8208, 0.194052
0.31804, 0.31902, 21.8242, 0.165019
0.31822, 0.3197, 21.7669, 0.151096
0.3185, 0.32, 22.0815, 0.326812
0.31901, 0.32, 21.888, 0.17561
0.31901, 0.32, 21.6411, 0.20208
0.32096, 0.32, 21.9785, 0.20553
0.32104, 0.322, 21.7016, 0.154025
0.32118, 0.322, 21.9391, 0.292199
0.32206, 0.3206, 21.4741, 0.197428
0.32223, 0.3232, 21.6098, 0.155864
0.32223, 0.3232, 21.6244, 0.136121
0.32276, 0.3242, 21.6786, 0.210177
0.32446, 0.323, 21.8169, 0.123552
0.32548, 0.3253, 21.9743, 0.19137
0.3256, 0.325, 22.0095, 0.253854
0.3258, 0.32732, 21.9109, 0.269927
0.32581, 0.3268, 21.7948, 0.13912
0.32632, 0.32717, 21.7974, 0.154865
0.32804, 0.32956, 21.7472, 0.169699
0.32842, 0.3282, 22.0549, 0.307244
0.32848, 0.33, 22.098, 0.277388
0.32851, 0.33, 21.681, 0.294415
0.32868, 0.32917, 21.8186, 0.148043
0.32868, 0.32964, 21.847, 0.141621
0.32871, 0.3302, 21.6746, 0.220549
0.32907, 0.32961, 21.8036, 0.16293
0.32941, 0.33093, 22.1579, 0.309396
0.32952, 0.3305, 21.9861, 0.16024
0.32968, 0.33065, 21.8501, 0.111583
0.32995, 0.33147, 21.5914, 0.208068
0.33047, 0.329, 21.9776, 0.128807
0.33056, 0.33153, 21.9144, 0.21272
0.33063, 0.332, 21.9159, 0.229507
0.33089, 0.33, 21.9056, 0.237926
0.3309, 0.33, 21.743, 0.210322
0.33103, 0.332, 21.7568, 0.134432
0.33147, 0.33, 21.7771, 0.217018
0.33147, 0.333, 21.9805, 0.284201
0.33147, 0.33, 21.8482, 0.163826
0.33189, 0.331, 21.7619, 0.141445
0.33237, 0.33286, 21.724, 0.156927
0.33298, 0.332, 22.0769, 0.199859
0.3335, 0.33403, 21.7495, 0.139304
0.3335, 0.334, 21.7836, 0.174041
0.3345, 0.33603, 21.8674, 0.234169
0.33498, 0.334, 21.7721, 0.16973
0.3351, 0.33558, 21.7712, 0.175867
0.33671, 0.33769, 21.7837, 0.182251
0.33749, 0.338, 21.9148, 0.277342
0.33751, 0.3373, 21.7568, 0.235699
0.33762, 0.337, 21.8947, 0.174019
0.33778, 0.33834, 21.9007, 0.232298
0.33818, 0.3367, 21.892, 0.20951
0.33848, 0.339, 21.8601, 0.198585
0.33897, 0.33947, 21.8025, 0.355487
0.34061, 0.34, 21.9207, 0.190519
0.34098, 0.342, 21.8057, 0.192415
0.34111, 0.3422, 21.8111, 0.25367
0.34169, 0.3427, 21.9592, 0.319871
0.34446, 0.345, 22.0551, 0.150058
0.34448, 0.345, 22.0384, 0.297982
0.34487, 0.34586, 21.9803, 0.169534
0.34545, 0.346, 21.9503, 0.228622
0.34602, 0.347, 22.0788, 0.13399
0.34696, 0.3485, 22.1633, 0.36936
0.34717, 0.347, 21.8644, 0.242775
0.34881, 0.3498, 22.1191, 0.21674
0.3491, 0.3489, 21.9969, 0.156289
0.34912, 0.35013, 22.029, 0.204259
0.34932, 0.3491, 21.8876, 0.155629
0.34939, 0.3479, 21.9503, 0.166428
0.34949, 0.348, 21.752, 0.224702
0.34949, 0.348, 22.1226, 0.169292
0.34949, 0.35, 21.8996, 0.204053
0.34968, 0.3512, 22.2343, 0.286414
0.35015, 0.35067, 21.9337, 0.144515
0.35059, 0.3491, 21.9812, 0.160871
0.35099, 0.3508, 22.0002, 0.159103
0.35149, 0.35, 22.2268, 0.207758
0.35149, 0.35, 22.0813, 0.136315
0.35372, 0.3535, 22.1127, 0.190035
0.35519, 0.3537, 22.2117, 0.221402
0.35774, 0.35916, 22.1044, 0.290713
0.358, 0.35888, 22.1009, 0.213552
0.35842, 0.3578, 21.9893, 0.214298
0.3585, 0.357, 21.8954, 0.287731
0.35909, 0.36, 21.9002, 0.304482
0.35909, 0.3589, 22.1899, 0.168965
0.35946, 0.36, 22.1683, 0.152092
0.36017, 0.36, 21.934, 0.189244
0.36034, 0.3595, 21.8261, 0.2287
0.36091, 0.36, 22.1798, 0.195675
0.36147, 0.363, 21.8629, 0.286753
0.3628, 0.36367, 21.9922, 0.208254
0.36325, 0.36379, 22.111, 0.2134
0.36499, 0.366, 22.2096, 0.290313
0.36623, 0.3678, 21.883, 0.224608
0.36656, 0.3681, 21.9797, 0.153297
0.36713, 0.36812, 21.9558, 0.149493
0.3679, 0.367, 22.0097, 0.163359
0.36799, 0.369, 22.2169, 0.156057
0.36839, 0.36947, 22.2949, 0.335343
0.36857, 0.3696, 22.21, 0.344494
0.36962, 0.37055, 22.1968, 0.242857
0.36987, 0.37114, 21.9655, 0.253612
0.37023, 0.37, 22.1264, 0.186837
0.37052, 0.369, 22.1229, 0.160993
0.37053, 0.372, 22.1303, 0.157731
0.37057, 0.37206, 22.3865, 0.255207
0.37062, 0.37, 22.02, 0.281113
0.37062, 0.37, 21.8168, 0.133144
0.37095, 0.372, 22.1568, 0.389586
0.37138, 0.37244, 22.081, 0.165922
0.37153, 0.37, 22.1312, 0.11347
0.37153, 0.373, 22.1759, 0.1632
0.37353, 0.375, 22.0584, 0.13027
0.37436, 0.37573, 22.2192, 0.233228
0.37676, 0.37727, 22.1625, 0.152336
0.37805, 0.37908, 22.1068, 0.221544
0.37852, 0.377, 22.1741, 0.180392
0.37991, 0.3812, 22.0429, 0.218255
0.37997, 0.381, 22.1624, 0.161555
0.38061, 0.38, 22.2084, 0.186096
0.38092, 0.38, 22.1981, 0.199616
0.38129, 0.38182, 22.2019, 0.202337
0.38153, 0.38, 22.4245, 0.217312
0.38185, 0.381, 22.3085, 0.197057
0.38248, 0.383, 22.1196, 0.263796
0.38291, 0.38397, 22.1148, 0.204813
0.38402, 0.38493, 22.2652, 0.200026
0.386, 0.385, 22.2687, 0.149698
0.38672, 0.3878, 22.1261, 0.269458
0.38744, 0.389, 22.3037, 0.272138
0.38781, 0.3872, 22.3772, 0.282606
0.38895, 0.39, 22.13, 0.197743
0.38949, 0.39, 22.291, 0.190269
0.39255, 0.391, 22.2212, 0.235747
0.3951, 0.3956, 22.2147, 0.20185
0.39706, 0.398, 22.006, 0.166358
0.39944, 0.4, 22.4589, 0.286551
0.4005, 0.402, 22.2388, 0.15602
0.40221, 0.4013, 22.2265, 0.197688
0.40293, 0.404, 22.2948, 0.289144
0.40368, 0.40474, 22.363, 0.212116
0.40463, 0.404, 22.4217, 0.163837
0.40483, 0.404, 22.0843, 0.200221
0.4055, 0.407, 22.5277, 0.132801
0.40646, 0.407, 22.4384, 0.166642
0.40895, 0.41, 22.4472, 0.2385
0.4092, 0.41009, 22.4875, 0.36265
0.40935, 0.4104, 22.4531, 0.273629
0.40949, 0.411, 22.4254, 0.170063
0.41004, 0.4094, 22.4306, 0.278663
0.41123, 0.41216, 22.409, 0.316941
0.4114, 0.413, 22.5805, 0.241171
0.41161, 0.411, 22.5601, 0.146641
0.41266, 0.41363, 22.5363, 0.329022
0.41657, 0.415, 22.4765, 0.146745
0.41857, 0.417, 22.3644, 0.200288
0.41936, 0.421, 22.4333, 0.190697
0.41939, 0.421, 22.2074, 0.220996
0.4196, 0.42019, 22.6132, 0.222992
0.41965, 0.419, 22.5451, 0.234205
0.41995, 0.42047, 22.1864, 0.293175
0.42036, 0.422, 22.5813, 0.343127
0.42088, 0.4214, 22.3648, 0.174351
0.42094, 0.42, 22.475, 0.248656
0.42195, 0.42306, 22.2806, 0.269472
0.42247, 0.424, 22.3953, 0.230128
0.42249, 0.4236, 22.4266, 0.274122
0.42348, 0.4219, 22.3425, 0.1845
0.4236, 0.4234, 22.5873, 0.399906
0.42399, 0.42505, 22.4734, 0.131426
0.42459, 0.42551, 22.4953, 0.193961
0.42568, 0.42676, 22.4509, 0.193594
0.42602, 0.42694, 22.4987, 0.173359
0.427, 0.4268, 22.56, 0.227945
0.42703, 0.4261, 22.5818, 0.196477
0.42793, 0.427, 23.0227, 0.237078
0.42859, 0.427, 22.6295, 0.402639
0.42895, 0.43, 22.3913, 0.191504
0.42903, 0.43, 22.5736, 0.249299
0.42976, 0.4288, 22.6689, 0.196222
0.4302, 0.4313, 22.5824, 0.163569
0.43494, 0.436, 22.5298, 0.181679
0.43546, 0.437, 22.3309, 0.130894
0.43683, 0.436, 22.7521, 0.179784
0.4376, 0.43867, 22.3723, 0.163932
0.43783, 0.43879, 22.629, 0.355854
0.4389, 0.44, 22.2149, 0.209461
0.43891, 0.44, 22.4152, 0.278656
0.43935, 0.4387, 22.5732, 0.200978
0.44013, 0.4395, 22.8871, 0.44109
0.44067, 0.44, 22.3834, 0.157885
0.44149, 0.44259, 22.4293, 0.181576
0.44245, 0.443, 22.5993, 0.17077
0.44263, 0.442, 22.6509, 0.137065
0.44361, 0.442, 22.54, 0.180208
0.44391, 0.445, 22.5539, 0.289089
0.44764, 0.447, 22.6022, 0.222321
0.44886, 0.45, 22.6323, 0.220164
0.44891, 0.45, 22.7345, 0.213951
0.45068, 0.45, 22.3916, 0.155357
0.45106, 0.45, 22.6751, 0.211716
0.45162, 0.45, 22.3362, 0.223723
0.45162, 0.45, 22.7393, 0.152341
0.45163, 0.451, 22.4632, 0.304189
0.45218, 0.4533, 22.7429, 0.318935
0.45328, 0.4544, 22.5423, 0.206024
0.45346, 0.454, 22.6333, 0.141558
0.45458, 0.4557, 22.5343, 0.207487
0.45477, 0.45534, 22.631, 0.282863
0.45885, 0.46, 22.7149, 0.250735
0.46064, 0.46, 22.7491, 0.189025
0.46104, 0.46, 22.7632, 0.228663
0.46164, 0.461, 22.7309, 0.135783
0.46643, 0.468, 23.0894, 0.395571
0.46654, 0.4649, 22.795, 0.133213
0.46842, 0.47, 22.7203, 0.20437
0.46887, 0.46998, 22.5101, 0.232472
0.47042, 0.472, 22.9621, 0.403614
0.47065, 0.47, 22.7605, 0.178608
0.47163, 0.47, 22.7268, 0.209178
0.47204, 0.473, 22.7844, 0.255487
0.47565, 0.474, 22.685, 0.175042
0.47786, 0.4762, 22.9739, 0.226675
0.47941, 0.48, 22.6165, 0.202088
0.47946, 0.48, 22.7577, 0.197147
0.47988, 0.4816, 22.6426, 0.236258
0.48064, 0.48, 22.7511, 0.158073
0.48065, 0.479, 22.7218, 0.136578
0.48164, 0.48, 23.0525, 0.209151
0.48888, 0.49, 22.8312, 0.197899
0.49244, 0.493, 23.0253, 0.334315
0.49499, 0.49558, 22.8291, 0.162788
0.49566, 0.49679, 22.8923, 0.117866
0.49579, 0.49692, 22.8287, 0.151559
0.49739, 0.499, 22.8738, 0.224236
0.50067, 0.499, 23.004, 0.252376
0.50098, 0.5, 22.8635, 0.281843
0.50282, 0.504, 22.908, 0.216875
0.50285, 0.502, 22.8173, 0.311707
0.50306, 0.502, 22.8954, 0.310109
0.50316, 0.5043, 22.8914, 0.227088
0.50593, 0.50705, 22.826, 0.164502
0.50615, 0.50677, 22.8513, 0.149287
0.50725, 0.509, 22.9828, 0.178949
0.50739, 0.509, 22.9889, 0.287557
0.50825, 0.51, 22.7663, 0.182324
0.51016, 0.51, 22.8415, 0.141859
0.51095, 0.51, 22.8053, 0.237556
0.51169, 0.51, 23.1355, 0.225672
0.51387, 0.515, 23.0037, 0.358645
0.51437, 0.516, 22.9729, 0.194295
0.51469, 0.513, 23.0729, 0.402018
0.51726, 0.5183, 22.8402, 0.188517
0.51883, 0.52, 22.9419, 0.248961
0.51885, 0.52, 22.9294, 0.207812
0.51941, 0.52, 22.9908, 0.313952
0.51968, 0.519, 23.0375, 0.194591
0.52271, 0.521, 23.0966, 0.272593
0.524, 0.525, 22.9244, 0.368248
0.5262, 0.52736, 22.9172, 0.221632
0.52859, 0.5279, 22.8325, 0.186889
0.52937, 0.53, 23.0383, 0.138414
0.53099, 0.53, 22.6272, 0.232749
0.53111, 0.53, 23.2579, 0.288005
0.53124, 0.53228, 23.2723, 0.379971
0.53225, 0.53281, 22.7291, 0.220331
0.53271, 0.531, 22.9942, 0.293113
0.53372, 0.532, 22.9119, 0.272484
0.53435, 0.536, 22.8903, 0.223672
0.53534, 0.537, 23.0675, 0.202915
0.53572, 0.534, 22.9604, 0.20776
0.53942, 0.54, 23.0808, 0.24298
0.54097, 0.54, 23.0261, 0.23188
0.54152, 0.5421, 23.277, 0.240962
0.54545, 0.5443, 23.3103, 0.18949
0.54834, 0.55, 22.7705, 0.362217
0.54881, 0.55, 22.9165, 0.377591
0.55021, 0.55, 23.0723, 0.19401
0.55033, 0.552, 23.1198, 0.2067
0.55046, 0.55105, 23.1574, 0.375291
0.55267, 0.552, 22.9408, 0.242653
0.55375, 0.552, 23.237, 0.205365
0.55384, 0.555, 22.8297, 0.175342
0.55782, 0.559, 23.1859, 0.193312
0.55882, 0.56, 23.4801, 0.382347
0.55882, 0.56, 23.0445, 0.35519
0.56181, 0.56289, 23.0407, 0.226224
0.56269, 0.56387, 23.3486, 0.263864
0.56283, 0.564, 23.1766, 0.233154
0.56437, 0.56555, 23.1398, 0.219457
0.56437, 0.56544, 23.2351, 0.205824
0.56437, 0.5656, 23.1439, 0.295284
0.56481, 0.566, 23.2343, 0.190849
0.56879, 0.57, 22.9877, 0.260944
0.57542, 0.57667, 22.9382, 0.452062
0.57577, 0.574, 23.3385, 0.211441
0.57619, 0.576, 23.2357, 0.200291
0.57668, 0.576, 23.1733, 0.164644
0.57737, 0.57858, 23.392, 0.289693
0.5783, 0.58, 23.1644, 0.243357
0.57831, 0.5773, 23.1982, 0.23966
0.57882, 0.58, 23.1742, 0.212684
0.57891, 0.58, 23.2787, 0.230108
0.57967, 0.579, 23.1393, 0.229578
0.58067, 0.58, 23.32, 0.261104
0.5808, 0.582, 23.4531, 0.238297
0.58301, 0.5842, 23.2878, 0.165845
0.5833, 0.585, 23.5444, 0.184233
0.58382, 0.585, 23.2235, 0.196641
0.58382, 0.585, 23.3959, 0.182769
0.5839, 0.585, 23.1669, 0.197532
0.58582, 0.587, 23.454, 0.371991
0.5873, 0.589, 23.3711, 0.201234
0.58879, 0.59, 23.2491, 0.218369
0.59029, 0.592, 23.2626, 0.246781
0.59179, 0.59, 23.1978, 0.254399
0.60067, 0.6, 23.3586, 0.277528
0.60155, 0.60279, 23.5032, 0.393855
0.60328, 0.605, 23.4973, 0.19827
0.60626, 0.6075, 23.3628, 0.273748
0.60827, 0.61, 23.3374, 0.226786
0.60876, 0.61, 23.1752, 0.349285
0.60878, 0.61, 23.3649, 0.229166
0.60981, 0.608, 23.4346, 0.320347
0.61071, 0.61, 23.4156, 0.182249
0.61127, 0.613, 23.6519, 0.24621
0.61177, 0.613, 23.448, 0.162208
0.61577, 0.617, 23.4555, 0.346221
0.61875, 0.62, 23.4634, 0.387817
0.61941, 0.62, 23.4418, 0.273973
0.61983, 0.618, 23.5027, 0.15249
0.6207, 0.62, 23.4458, 0.266773
0.62183, 0.62, 23.3364, 0.274297
0.62525, 0.627, 23.4047, 0.213447
0.62725, 0.629, 23.332, 0.242543
0.63077, 0.632, 23.4102, 0.201051
0.63183, 0.63, 23.0581, 0.325833
0.63225, 0.634, 23.5963, 0.322534
0.63399, 0.63521, 23.3442, 0.145119
0.63777, 0.639, 23.2768, 0.442055
0.63794, 0.639, 23.6107, 0.309645
0.63824, 0.64, 23.4064, 0.366523
0.63873, 0.64, 23.5274, 0.26025
0.63934, 0.64, 23.537, 0.16971
0.64185, 0.64, 23.5946, 0.255519
0.64311, 0.64442, 23.1079, 0.406947
0.64371, 0.643, 23.5462, 0.308662
0.64371, 0.643, 23.5504, 0.315374
0.6477, 0.647, 23.566, 0.287168
0.64852, 0.6498, 23.7867, 0.271027
0.6487, 0.648, 23.4805, 0.309502
0.64962, 0.6503, 23.5275, 0.147114
0.66213, 0.6634, 23.7263, 0.278466
0.6647, 0.664, 23.6168, 0.232426
0.67072, 0.67, 23.8147, 0.273465
0.67773, 0.679, 23.9721, 0.310626
0.6819, 0.68, 23.5846, 0.23784
0.68372, 0.683, 23.9186, 0.406839
0.68519, 0.687, 23.7636, 0.365177
0.68872, 0.69, 23.5607, 0.224893
0.68935, 0.69, 23.6005, 0.154427
0.68936, 0.69, 23.7914, 0.270648
0.69072, 0.69, 23.6613, 0.425
0.69318, 0.695, 23.6632, 0.316876
0.69718, 0.699, 23.7162, 0.211018
0.69818, 0.7, 23.7141, 0.341743
0.69918, 0.701, 23.6872, 0.337384
0.69918, 0.701, 23.8161, 0.213646
0.69932, 0.7, 23.8577, 0.153542
0.69992, 0.698, 23.8617, 0.294144
0.7007, 0.702, 23.664, 0.221555
0.70117, 0.703, 23.8438, 0.260185
0.70192, 0.7, 23.6432, 0.461925
0.70192, 0.7, 23.7903, 0.251306
0.71571, 0.715, 23.7414, 0.244445
0.71874, 0.718, 23.6209, 0.186486
0.71968, 0.721, 23.9108, 0.202759
0.71969, 0.721, 23.717, 0.34116
0.72015, 0.722, 23.9082, 0.241658
0.72074, 0.72, 23.7929, 0.303977
0.72674, 0.726, 23.8281, 0.246891
0.72774, 0.727, 23.755, 0.25567
0.72866, 0.73, 23.752, 0.282209
0.73014, 0.732, 23.6656, 0.320827
0.73161, 0.7323, 23.9269, 0.194559
0.73368, 0.735, 23.7315, 0.194032
0.73395, 0.732, 23.967, 0.387349
0.73495, 0.733, 24.0007, 0.222986
0.73568, 0.737, 23.9277, 0.255688
0.73596, 0.734, 23.9145, 0.424782
0.73675, 0.736, 23.739, 0.213187
0.74196, 0.74, 24.2283, 0.324017
0.74276, 0.742, 23.8295, 0.326063
0.74573, 0.745, 23.9145, 0.193302
0.74607, 0.7441, 23.7287, 0.253305
0.74911, 0.751, 23.6866, 0.261096
0.7493, 0.75, 23.9242, 0.160977
0.75074, 0.75, 23.6482, 0.317571
0.75899, 0.757, 23.9939, 0.231584
0.76076, 0.76, 23.8137, 0.199341
0.7611, 0.763, 23.9237, 0.235082
0.76165, 0.763, 23.878, 0.238347
0.76566, 0.767, 23.9839, 0.223812
0.76666, 0.768, 24.1694, 0.2487
0.76674, 0.766, 24.1093, 0.268898
0.76709, 0.769, 24.3057, 0.255729
0.76865, 0.77, 24.0399, 0.310504
0.76932, 0.77001, 23.9638, 0.160486
0.77309, 0.775, 24.1038, 0.293843
0.77929, 0.78, 23.7865, 0.309918
0.78807, 0.79, 24.0512, 0.230473
0.78907, 0.791, 24.1307, 0.269829
0.78928, 0.79, 23.9465, 0.163342
0.79662, 0.798, 23.6496, 0.371115
0.79863, 0.8, 24.1808, 0.286876
0.83981, 0.839, 24.107, 0.210118
0.83981, 0.839, 23.9482, 0.389488
0.85482, 0.854, 24.3638, 0.298695
0.93585, 0.935, 24.2801, 0.238415
0.97423, 0.975, 24.8581, 0.199702
1.01242, 1.014, 24.8647, 0.36609
1.01988, 1.019, 25.0227, 0.224284
1.02088, 1.02, 24.7176, 0.474703
1.02789, 1.027, 25.2834, 0.352352
1.04817, 1.05, 25.1699, 0.488011
1.12092, 1.12, 25.1875, 0.221994
1.23225, 1.23099, 25.0677, 0.609899
1.23597, 1.235, 25.652, 0.2724
1.29911, 1.30001, 25.6111, 0.273963
1.3041, 1.30501, 25.4676, 0.315363
1.30611, 1.30701, 25.7667, 0.444343
1.31317, 1.315, 25.5337, 0.315195
1.3291, 1.33001, 25.6215, 0.23681
1.34101, 1.34, 25.5011, 0.305203
1.35136, 1.34999, 25.2962, 0.317314
1.35608, 1.35701, 25.5564, 0.236747
1.39103, 1.39, 25.5414, 0.37337
1.41633, 1.41499, 25.2049, 0.735281
1.5429, 1.54, 25.8372, 0.370031
1.54901, 1.55001, 26.04, 0.232206
1.61505, 1.61399, 25.9065, 0.331927
1.69706, 1.7, 26.0333, 0.379521
1.80119, 1.8, 26.2335, 0.280685
1.91165, 1.91401, 26.1703, 0.357624
2.26137, 2.26, 26.9298, 0.280011
