Z, A, I0, Bn [MeV], D0 [keV], dD [keV]
11, 23, 1.5, 6.960, 1.00E+02, 2.00E+01
12, 24, 0.0, 7.331, 4.80E+02, 7.00E+01
12, 25, 2.5, 11.094, 5.00E+01, 1.00E+01
12, 26, 0.0, 6.446, 2.10E+02, 8.00E+01
13, 27, 2.5, 7.725, 5.50E+01, 6.00E+00
14, 28, 0.0, 8.474, 3.32E+02, 3.50E+01
14, 29, 0.5, 10.609, 1.93E+02, 2.20E+01
14, 30, 0.0, 6.587, 2.25E+02, 3.00E+01
15, 31, 0.5, 7.937, 5.00E+01, 1.20E+01
16, 32, 0.0, 8.642, 1.90E+02, 6.00E+01
16, 33, 1.5, 11.417, 2.10E+01, 1.00E+01
16, 34, 0.0, 6.986, 1.10E+02, 4.00E+01
17, 35, 1.5, 8.580, 2.30E+01, 6.00E+00
17, 37, 1.5, 6.108, 1.50E+01, 4.00E+00
18, 40, 0.0, 6.100, 5.20E+01, 4.70E+00
19, 39, 1.5, 7.800, 1.30E+01, 3.00E+00
19, 41, 1.5, 7.534, 1.00E+01, 3.00E+00
20, 40, 0.0, 8.363, 4.50E+01, 4.00E+00
20, 42, 0.0, 7.933, 2.00E+01, 5.00E+00
20, 43, 3.5, 11.131, 1.80E+00, 3.00E-01
20, 44, 0.0, 7.415, 2.41E+01, 3.20E+00
21, 45, 3.5, 8.761, 1.30E+00, 1.00E-01
22, 46, 0.0, 8.880, 2.50E+01, 4.00E+00
22, 47, 2.5, 11.627, 1.75E+00, 2.50E-01
22, 48, 0.0, 8.142, 2.08E+01, 2.50E+00
22, 49, 3.5, 10.939, 4.00E+00, 8.00E-01
22, 50, 0.0, 6.372, 2.49E+01, 1.60E+00
23, 50, 6.0, 11.051, 2.00E+00, 1.00E-01
23, 51, 3.5, 7.311, 4.00E+00, 6.00E-01
24, 50, 0.0, 9.261, 1.25E+01, 1.20E+00
24, 52, 0.0, 7.939, 3.20E+01, 3.50E+00
24, 53, 1.5, 9.719, 6.70E+00, 6.00E-01
24, 54, 0.0, 6.246, 5.00E+01, 8.00E+00
25, 55, 2.5, 7.270, 2.30E+00, 4.00E-01
26, 54, 0.0, 9.298, 2.05E+01, 1.40E+00
26, 56, 0.0, 7.646, 2.54E+01, 2.20E+00
26, 57, 0.5, 10.044, 7.05E+00, 7.00E-01
26, 58, 0.0, 6.581, 2.16E+01, 2.60E+00
27, 59, 3.5, 7.492, 1.45E+00, 1.50E-01
28, 58, 0.0, 8.999, 1.34E+01, 9.00E-01
28, 59, 1.5, 11.388, 2.00E+00, 7.00E-01
28, 60, 0.0, 7.820, 1.38E+01, 9.00E-01
28, 61, 1.5, 10.596, 2.10E+00, 1.50E-01
28, 62, 0.0, 6.838, 1.60E+01, 3.00E+00
28, 64, 0.0, 6.098, 2.36E+01, 3.00E+00
29, 63, 1.5, 7.916, 7.00E-01, 9.00E-02
29, 65, 1.5, 7.067, 1.30E+00, 1.10E-01
30, 64, 0.0, 7.979, 2.30E+00, 3.00E-01
30, 66, 0.0, 7.052, 4.62E+00, 5.50E-01
30, 67, 2.5, 10.198, 3.70E-01, 2.00E-02
30, 68, 0.0, 6.482, 5.56E+00, 4.30E-01
30, 70, 0.0, 5.834, 6.52E+00, 4.20E-01
31, 69, 1.5, 7.654, 3.16E-01, 4.10E-02
31, 71, 1.5, 6.520, 3.80E-01, 6.00E-02
32, 70, 0.0, 7.416, 1.17E+00, 2.30E-01
32, 72, 0.0, 6.782, 1.50E+00, 3.00E-01
32, 73, 4.5, 10.196, 6.20E-02, 1.50E-02
32, 74, 0.0, 6.505, 3.00E+00, 1.00E+00
32, 76, 0.0, 6.072, 4.50E+00, 1.00E+00
33, 75, 1.5, 7.328, 9.00E-02, 8.00E-03
34, 74, 0.0, 8.028, 3.40E-01, 8.00E-02
34, 76, 0.0, 7.419, 6.50E-01, 1.00E-01
34, 77, 0.5, 10.498, 1.20E-01, 1.50E-02
34, 78, 0.0, 6.963, 1.50E+00, 3.00E-01
34, 80, 0.0, 6.701, 2.40E+00, 8.00E-01
34, 82, 0.0, 5.818, 5.00E+00, 2.50E+00
35, 79, 1.5, 7.892, 4.70E-02, 5.00E-03
35, 81, 1.5, 7.593, 1.00E-01, 1.50E-02
36, 78, 0.0, 8.334, 2.50E-01, 8.00E-02
36, 80, 0.0, 7.873, 2.80E-01, 8.00E-02
36, 83, 4.5, 10.521, 2.00E-01, 1.00E-01
36, 84, 0.0, 7.121, 4.00E+00, 4.00E-01
36, 86, 0.0, 5.515, 2.90E+01, 1.50E+00
37, 85, 2.5, 8.650, 1.72E-01, 8.00E-03
37, 87, 1.5, 6.082, 1.63E+00, 1.50E-01
38, 84, 0.0, 8.530, 3.20E-01, 1.20E-01
38, 86, 0.0, 8.424, 2.60E+00, 8.00E-01
38, 87, 4.5, 11.112, 2.90E-01, 8.00E-02
38, 88, 0.0, 6.359, 2.37E+01, 2.90E+00
39, 89, 0.5, 6.857, 3.70E+00, 4.00E-01
40, 90, 0.0, 7.195, 6.00E+00, 1.40E+00
40, 91, 2.5, 8.635, 5.50E-01, 1.00E-01
40, 92, 0.0, 6.735, 3.50E+00, 8.00E-01
40, 93, 2.5, 8.221, 3.02E-01, 7.50E-02
40, 94, 0.0, 6.462, 4.00E+00, 8.00E-01
40, 96, 0.0, 5.575, 1.30E+01, 3.00E+00
41, 93, 4.5, 7.228, 9.40E-02, 1.00E-02
42, 92, 0.0, 8.070, 2.70E+00, 5.00E-01
42, 94, 0.0, 7.369, 1.32E+00, 1.80E-01
42, 95, 2.5, 9.154, 8.10E-02, 1.40E-02
42, 96, 0.0, 6.821, 1.05E+00, 2.00E-01
42, 97, 2.5, 8.643, 6.00E-02, 1.00E-02
42, 98, 0.0, 5.925, 1.00E+00, 2.00E-01
42, 100, 0.0, 5.398, 6.20E-01, 1.00E-01
43, 99, 4.5, 6.764, 1.40E-02, 1.20E-03
44, 99, 2.5, 9.673, 2.50E-02, 4.00E-03
44, 100, 0.0, 6.802, 3.45E-01, 6.00E-02
44, 101, 2.5, 9.219, 1.80E-02, 3.00E-03
44, 102, 0.0, 6.332, 2.80E-01, 5.00E-02
44, 104, 0.0, 5.910, 3.20E-01, 6.50E-02
45, 103, 0.5, 6.999, 3.20E-02, 4.00E-03
46, 104, 0.0, 7.094, 3.00E-01, 6.00E-02
46, 105, 2.5, 9.561, 1.03E-02, 5.00E-04
46, 106, 0.0, 6.536, 2.17E-01, 6.00E-02
46, 107, 2.5, 9.228, 1.10E-02, 8.00E-04
46, 108, 0.0, 6.154, 1.82E-01, 3.30E-02
46, 110, 0.0, 5.726, 2.75E-01, 8.00E-02
47, 107, 0.5, 7.271, 2.80E-02, 2.00E-03
47, 109, 0.5, 6.809, 1.80E-02, 1.00E-03
48, 106, 0.0, 7.924, 1.65E-01, 3.50E-02
48, 108, 0.0, 7.327, 1.20E-01, 3.00E-02
48, 110, 0.0, 6.976, 1.55E-01, 2.00E-02
48, 111, 0.5, 9.394, 2.70E-02, 2.00E-03
48, 112, 0.0, 6.540, 1.90E-01, 2.50E-02
48, 113, 0.5, 9.043, 2.48E-02, 2.60E-03
48, 114, 0.0, 6.141, 2.10E-01, 2.00E-02
48, 116, 0.0, 5.777, 7.04E-01, 2.70E-01
49, 113, 4.5, 7.274, 1.07E-02, 8.00E-04
49, 115, 4.5, 6.785, 9.50E-03, 5.00E-04
50, 112, 0.0, 7.743, 1.58E-01, 4.70E-02
50, 114, 0.0, 7.546, 2.86E-01, 1.10E-01
50, 116, 0.0, 6.943, 4.50E-01, 5.00E-02
50, 117, 0.5, 9.327, 6.10E-02, 7.00E-03
50, 118, 0.0, 6.484, 7.00E-01, 1.50E-02
50, 119, 0.5, 9.108, 9.00E-02, 2.00E-02
50, 120, 0.0, 6.170, 1.25E+00, 2.00E-01
50, 122, 0.0, 5.946, 2.96E+00, 1.50E-01
50, 124, 0.0, 5.733, 5.00E+00, 1.00E+00
51, 121, 2.5, 6.807, 1.30E-02, 2.00E-03
51, 123, 3.5, 6.468, 2.40E-02, 3.00E-03
52, 122, 0.0, 6.929, 1.46E-01, 1.40E-02
52, 123, 0.5, 9.424, 2.51E-02, 2.80E-03
52, 124, 0.0, 6.569, 2.20E-01, 3.00E-02
52, 125, 0.5, 9.113, 4.30E-02, 3.00E-03
52, 126, 0.0, 6.287, 6.40E-01, 1.70E-01
52, 128, 0.0, 6.082, 1.51E+00, 3.70E-01
52, 130, 0.0, 5.929, 1.50E+00, 5.00E-01
53, 127, 2.5, 6.826, 1.50E-02, 2.00E-03
53, 129, 3.5, 6.463, 2.00E-02, 3.00E-03
54, 128, 0.0, 6.908, 2.50E-01, 1.00E-01
54, 129, 0.5, 9.256, 3.80E-02, 5.00E-03
54, 130, 0.0, 6.605, 1.74E-01, 2.80E-02
54, 131, 1.5, 8.935, 4.90E-02, 8.00E-03
54, 132, 0.0, 6.440, 7.50E-01, 2.30E-01
54, 134, 0.0, 6.383, 8.00E-01, 4.00E-01
54, 136, 0.0, 4.025, 2.88E+01, 2.70E+00
55, 133, 3.5, 6.891, 2.10E-02, 2.00E-03
55, 134, 4.0, 8.828, 1.60E-02, 3.00E-03
55, 135, 3.5, 6.829, 5.10E-02, 2.60E-02
56, 130, 0.0, 7.494, 5.80E-02, 1.00E-02
56, 132, 0.0, 7.190, 1.10E-01, 3.50E-02
56, 133, 0.5, 9.468, 2.00E-02, 8.00E-03
56, 134, 0.0, 6.973, 3.71E-01, 3.60E-02
56, 135, 1.5, 9.108, 4.00E-02, 6.00E-03
56, 136, 0.0, 6.906, 1.21E+00, 1.19E-01
56, 137, 1.5, 8.611, 3.50E-01, 5.00E-02
56, 138, 0.0, 4.723, 1.87E+01, 2.90E+00
57, 138, 5.0, 8.778, 3.20E-02, 6.00E-03
57, 139, 3.5, 5.161, 2.20E-01, 2.00E-02
58, 136, 0.0, 7.482, 6.00E-02, 2.00E-02
58, 140, 0.0, 5.428, 3.10E+00, 5.00E-01
58, 141, 3.5, 7.170, 6.50E-02, 2.00E-02
58, 142, 0.0, 5.145, 1.10E+00, 3.00E-01
59, 141, 2.5, 5.843, 1.10E-01, 2.00E-02
60, 142, 0.0, 6.123, 1.03E+00, 1.35E-01
60, 143, 3.5, 7.817, 3.80E-02, 2.00E-03
60, 144, 0.0, 5.755, 4.50E-01, 5.00E-02
60, 145, 3.5, 7.565, 1.70E-02, 2.00E-03
60, 146, 0.0, 5.292, 3.40E-01, 5.00E-02
60, 147, 2.5, 7.333, 4.00E-03, 1.50E-03
60, 148, 0.0, 5.039, 1.55E-01, 2.00E-02
60, 150, 0.0, 5.335, 1.65E-01, 1.50E-02
61, 147, 3.5, 5.895, 5.20E-03, 1.20E-03
62, 144, 0.0, 6.757, 7.70E-01, 4.50E-02
62, 147, 3.5, 8.142, 5.70E-03, 5.00E-04
62, 148, 0.0, 5.871, 6.50E-02, 2.00E-02
62, 149, 3.5, 7.987, 2.40E-03, 2.00E-04
62, 150, 0.0, 5.597, 4.60E-02, 8.00E-03
62, 151, 2.5, 8.258, 1.40E-03, 1.50E-04
62, 152, 0.0, 5.868, 4.60E-02, 3.00E-03
62, 154, 0.0, 5.807, 1.14E-01, 1.50E-02
63, 151, 2.5, 6.307, 7.30E-04, 7.00E-05
63, 152, 3.0, 8.550, 5.60E-04, 2.00E-04
63, 153, 2.5, 6.442, 1.10E-03, 2.00E-04
63, 154, 3.0, 8.151, 9.20E-04, 1.20E-04
63, 155, 2.5, 6.340, 4.30E-03, 1.50E-03
64, 152, 0.0, 6.243, 1.40E-02, 3.00E-03
64, 153, 1.5, 8.895, 3.00E-03, 6.00E-04
64, 154, 0.0, 6.435, 1.45E-02, 1.50E-03
64, 155, 1.5, 8.536, 1.70E-03, 2.00E-04
64, 156, 0.0, 6.360, 3.00E-02, 6.00E-03
64, 157, 1.5, 7.937, 4.90E-03, 5.00E-04
64, 158, 0.0, 5.943, 8.20E-02, 6.00E-03
64, 160, 0.0, 5.634, 1.80E-01, 2.00E-02
65, 159, 1.5, 6.475, 3.82E-03, 2.40E-03
66, 156, 0.0, 6.969, 2.80E-03, 6.00E-04
66, 158, 0.0, 6.833, 2.20E-02, 1.10E-02
66, 160, 0.0, 6.454, 2.70E-02, 5.00E-03
66, 161, 2.5, 8.197, 2.40E-03, 2.00E-04
66, 162, 0.0, 6.271, 6.20E-02, 5.00E-03
66, 163, 2.5, 7.658, 6.80E-03, 6.00E-04
66, 164, 0.0, 5.716, 1.50E-01, 1.00E-02
67, 165, 3.5, 6.243, 4.20E-03, 5.00E-04
68, 162, 0.0, 6.903, 6.90E-03, 1.20E-03
68, 164, 0.0, 6.650, 2.10E-02, 4.00E-03
68, 166, 0.0, 6.436, 3.80E-02, 3.00E-03
68, 167, 3.5, 7.771, 4.20E-03, 3.00E-04
68, 168, 0.0, 6.003, 1.00E-01, 1.00E-02
68, 170, 0.0, 5.682, 1.47E-01, 2.00E-02
69, 169, 0.5, 6.592, 8.50E-03, 7.00E-04
69, 170, 1.0, 7.486, 3.90E-03, 1.00E-03
70, 168, 0.0, 6.867, 8.00E-03, 3.00E-03
70, 169, 3.5, 8.470, 1.60E-03, 4.00E-04
70, 170, 0.0, 6.614, 3.50E-02, 6.00E-03
70, 171, 0.5, 8.020, 6.90E-03, 5.00E-04
70, 172, 0.0, 6.367, 7.60E-02, 5.00E-03
70, 173, 2.5, 7.464, 7.50E-03, 5.00E-04
70, 174, 0.0, 5.822, 1.92E-01, 1.80E-02
70, 176, 0.0, 5.566, 2.40E-01, 2.00E-02
71, 175, 3.5, 6.289, 3.45E-03, 1.50E-04
71, 176, 7.0, 7.073, 1.61E-03, 1.60E-04
72, 174, 0.0, 6.709, 1.80E-02, 5.00E-03
72, 176, 0.0, 6.383, 3.00E-02, 7.00E-03
72, 177, 3.5, 7.626, 2.40E-03, 3.00E-04
72, 178, 0.0, 6.099, 5.70E-02, 6.00E-03
72, 179, 4.5, 7.388, 4.60E-03, 3.00E-04
72, 180, 0.0, 5.695, 9.40E-02, 1.50E-02
73, 180, 9.0, 7.577, 1.20E-03, 2.00E-04
73, 181, 3.5, 6.063, 4.20E-03, 3.00E-04
73, 182, 3.0, 6.934, 3.50E-03, 7.00E-04
74, 180, 0.0, 6.681, 2.00E-02, 7.00E-03
74, 182, 0.0, 6.191, 6.00E-02, 6.00E-03
74, 183, 0.5, 7.412, 1.20E-02, 1.00E-03
74, 184, 0.0, 5.734, 7.50E-02, 7.00E-03
74, 186, 0.0, 5.467, 9.90E-02, 8.00E-03
75, 185, 2.5, 6.179, 3.10E-03, 3.00E-04
75, 187, 2.5, 5.872, 3.90E-03, 3.00E-04
76, 186, 0.0, 6.290, 2.90E-02, 2.00E-03
76, 187, 0.5, 7.990, 5.10E-03, 2.00E-04
76, 188, 0.0, 5.920, 4.70E-02, 4.00E-03
76, 189, 1.5, 7.792, 3.40E-03, 4.00E-04
76, 190, 0.0, 5.759, 7.00E-02, 4.00E-02
76, 192, 0.0, 5.583, 1.15E-01, 6.00E-02
77, 191, 1.5, 6.198, 2.50E-03, 3.00E-04
77, 192, 4.0, 7.772, 5.00E-04, 2.00E-04
77, 193, 1.5, 6.067, 5.80E-03, 5.00E-04
78, 192, 0.0, 6.256, 3.14E-02, 1.30E-03
78, 194, 0.0, 6.105, 8.20E-02, 1.00E-02
78, 195, 0.5, 7.922, 1.80E-02, 3.00E-03
78, 196, 0.0, 5.846, 3.50E-01, 1.00E-01
78, 198, 0.0, 5.556, 3.40E-01, 9.00E-02
79, 197, 1.5, 6.512, 1.55E-02, 8.00E-04
80, 198, 0.0, 6.664, 1.05E-01, 3.50E-02
80, 199, 0.5, 8.028, 8.00E-02, 3.00E-02
80, 200, 0.0, 6.230, 6.00E-01, 1.50E-01
80, 201, 1.5, 7.754, 9.00E-02, 3.00E-02
81, 203, 0.5, 6.656, 4.70E-01, 5.00E-02
81, 205, 0.5, 6.503, 4.00E+00, 4.00E-01
82, 204, 0.0, 6.732, 2.10E+00, 2.00E-01
82, 206, 0.0, 6.738, 3.00E+01, 6.00E+00
82, 207, 0.5, 7.368, 3.00E+01, 8.00E+00
82, 208, 0.0, 3.937, 9.00E+01, 1.50E+01
83, 209, 4.5, 4.604, 4.45E+00, 4.00E-01
88, 226, 0.0, 4.561, 3.10E-02, 6.00E-03
90, 228, 0.0, 5.253, 5.00E-03, 3.00E-03
90, 229, 2.5, 6.794, 6.20E-04, 1.20E-04
90, 230, 0.0, 5.118, 9.60E-03, 1.50E-03
90, 232, 0.0, 4.786, 1.65E-02, 4.00E-04
91, 231, 1.5, 5.549, 5.10E-04, 3.00E-05
91, 232, 2.0, 6.529, 4.20E-04, 8.00E-05
91, 233, 1.5, 5.220, 7.80E-04, 1.00E-04
92, 232, 0.0, 5.762, 4.60E-03, 5.00E-04
92, 233, 2.5, 6.845, 5.20E-04, 2.00E-05
92, 234, 0.0, 5.298, 1.12E-02, 8.00E-04
92, 235, 3.5, 6.546, 4.50E-04, 3.00E-05
92, 236, 0.0, 5.126, 1.40E-02, 1.00E-03
92, 237, 0.5, 6.153, 3.50E-03, 8.00E-04
92, 238, 0.0, 4.806, 2.03E-02, 6.00E-04
93, 236, 6.0, 6.580, 6.00E-04, 6.00E-05
93, 237, 2.5, 5.488, 5.70E-04, 3.00E-05
93, 238, 2.0, 6.217, 4.10E-04, 1.00E-04
94, 238, 0.0, 5.646, 8.30E-03, 5.00E-04
94, 239, 0.5, 6.534, 2.20E-03, 9.00E-05
94, 240, 0.0, 5.242, 1.30E-02, 5.00E-04
94, 241, 2.5, 6.310, 9.30E-04, 8.00E-05
94, 242, 0.0, 5.034, 1.35E-02, 1.50E-03
94, 244, 0.0, 4.771, 1.90E-02, 3.00E-03
95, 241, 2.5, 5.538, 5.80E-04, 4.00E-05
95, 242, 5.0, 6.364, 2.70E-04, 3.00E-05
95, 243, 2.5, 5.367, 7.30E-04, 6.00E-05
96, 242, 0.0, 5.693, 1.40E-02, 3.00E-03
96, 243, 2.5, 6.801, 6.90E-04, 5.00E-05
96, 244, 0.0, 5.520, 1.18E-02, 1.20E-03
96, 245, 3.5, 6.458, 7.90E-04, 5.00E-05
96, 246, 0.0, 5.156, 3.00E-02, 5.00E-03
96, 247, 4.5, 6.213, 1.20E-03, 3.00E-04
96, 248, 0.0, 4.713, 3.00E-02, 5.00E-03
97, 249, 3.5, 4.970, 1.10E-03, 1.00E-04
98, 249, 4.5, 6.625, 7.60E-04, 1.00E-04
98, 252, 0.0, 4.804, 2.70E-02, 3.00E-03
