Z, N, A, P, B [MeV]
4, 12, 16, 1, 68.564562
5, 11, 16, -1, 88.117656
6, 10, 16, 1, 110.752874
7, 9, 16, -1, 117.980754
8, 8, 16, 1, 127.619315
9, 7, 16, -1, 111.424784
10, 6, 16, 1, 97.330843
5, 12, 17, 0, 89.584351
6, 11, 17, 0, 111.486445
7, 10, 17, 0, 123.865900
8, 9, 17, 0, 131.762395
9, 8, 17, 0, 128.219583
10, 7, 17, 0, 112.888485
11, 6, 17, 0, 93.887010
5, 13, 18, -1, 89.579351
6, 12, 18, 1, 115.670378
7, 11, 18, -1, 126.694129
8, 10, 18, 1, 139.807766
9, 9, 18, -1, 137.369489
10, 8, 18, 1, 132.142639
11, 7, 18, -1, 111.639917
5, 14, 19, 0, 89.673057
6, 13, 19, 0, 116.247206
7, 12, 19, 0, 132.022359
8, 11, 19, 0, 143.763409
9, 10, 19, 0, 147.801365
10, 9, 19, 0, 143.779519
11, 8, 19, 0, 131.819842
12, 7, 19, 0, 112.128485
5, 15, 20, -1, 88.113058
6, 14, 20, 1, 119.228712
7, 13, 20, -1, 134.183434
8, 12, 20, 1, 151.371414
9, 11, 20, -1, 154.402702
10, 10, 20, 1, 160.644824
11, 9, 20, -1, 145.970056
12, 8, 20, 1, 134.560504
5, 16, 21, 0, 87.203057
7, 14, 21, 0, 138.789334
8, 13, 21, 0, 155.176869
9, 12, 21, 0, 162.504161
10, 11, 21, 0, 167.405986
11, 10, 21, 0, 163.076720
12, 9, 21, 0, 149.205666
6, 16, 22, 1, 119.263712
7, 15, 22, -1, 140.327763
8, 14, 22, 1, 162.027188
9, 13, 22, -1, 167.734499
10, 12, 22, 1, 177.770243
11, 11, 22, -1, 174.144573
12, 10, 22, 1, 168.580819
7, 16, 23, 0, 143.443458
8, 15, 23, 0, 164.760169
9, 14, 23, 0, 175.313928
10, 13, 23, 0, 182.970890
11, 12, 23, 0, 186.564353
12, 11, 23, 0, 181.725827
13, 10, 23, 0, 168.721733
8, 16, 24, 1, 168.952452
9, 15, 24, -1, 179.125994
10, 14, 24, 1, 191.839805
11, 13, 24, -1, 193.523717
12, 12, 24, 1, 198.257047
13, 11, 24, -1, 183.589934
14, 10, 24, 1, 172.013590
8, 17, 25, 0, 168.195145
9, 16, 25, 0, 183.407663
10, 15, 25, 0, 195.994985
11, 14, 25, 0, 202.534948
12, 13, 25, 0, 205.587570
13, 12, 25, 0, 200.528415
14, 11, 25, 0, 187.002772
8, 18, 26, 1, 168.934454
9, 17, 26, -1, 184.138492
10, 16, 26, 1, 201.549686
11, 15, 26, -1, 208.109234
12, 14, 26, 1, 216.680649
13, 13, 26, -1, 211.893898
14, 12, 26, 1, 206.042416
9, 18, 27, 0, 185.750987
10, 17, 27, 0, 203.051208
11, 16, 27, 0, 214.837561
12, 15, 27, 0, 223.124018
13, 14, 27, 0, 224.951939
14, 13, 27, 0, 219.357234
15, 12, 27, 0, 206.849414
9, 19, 28, -1, 185.551988
10, 18, 28, 1, 206.873696
11, 17, 28, -1, 218.379403
12, 16, 28, 1, 231.628687
13, 15, 28, -1, 232.677113
14, 14, 28, 1, 236.536846
15, 13, 28, -1, 221.409558
16, 12, 28, 1, 209.406151
9, 20, 29, 0, 186.876911
10, 19, 29, 0, 207.844952
11, 18, 29, 0, 222.782414
12, 17, 29, 0, 235.292419
13, 16, 29, 0, 242.105476
14, 15, 29, 0, 245.010447
15, 14, 29, 0, 239.285867
16, 13, 29, 0, 224.645095
10, 20, 30, 1, 211.035951
11, 19, 30, -1, 225.059055
12, 18, 30, 1, 241.632750
13, 17, 30, -1, 247.833147
14, 16, 30, 1, 255.619647
15, 15, 30, -1, 250.605192
16, 14, 30, 1, 243.681243
17, 13, 30, -1, 224.165094
10, 21, 31, 0, 211.205796
11, 20, 31, 0, 229.359012
12, 19, 31, 0, 243.944847
13, 18, 31, 0, 254.991058
14, 17, 31, 0, 262.207040
15, 16, 31, 0, 262.916199
16, 15, 31, 0, 256.735840
17, 14, 31, 0, 243.945513
11, 21, 32, -1, 231.036208
12, 20, 32, 1, 249.722915
13, 19, 32, -1, 259.211037
14, 18, 32, 1, 271.407008
15, 17, 32, -1, 270.851850
16, 16, 32, 1, 271.780163
17, 15, 32, -1, 258.316986
18, 14, 32, 1, 246.400285
11, 22, 33, 0, 233.967565
12, 21, 33, 0, 252.002461
13, 20, 33, 0, 264.680368
14, 19, 33, 0, 275.914967
15, 18, 33, 0, 280.955641
16, 17, 33, 0, 280.421803
17, 16, 33, 0, 274.056938
18, 15, 33, 0, 261.655545
11, 23, 34, -1, 234.138882
12, 22, 34, 1, 256.713325
13, 21, 34, -1, 267.251920
14, 20, 34, 1, 283.463641
15, 19, 34, -1, 287.238310
16, 18, 34, 1, 291.838952
17, 17, 34, -1, 285.565000
18, 16, 34, 1, 278.720862
12, 23, 35, 0, 257.468183
13, 22, 35, 0, 272.549351
14, 21, 35, 0, 285.934754
15, 20, 35, 0, 295.618736
16, 19, 35, 0, 298.824789
17, 18, 35, 0, 298.209765
18, 17, 35, 0, 291.461174
19, 16, 35, 0, 278.804432
12, 24, 36, 1, 260.799127
13, 23, 36, -1, 274.446554
14, 22, 36, 1, 292.050716
15, 21, 36, -1, 299.083291
16, 20, 36, 1, 308.714040
17, 19, 36, -1, 306.789559
18, 18, 36, 1, 306.716746
19, 17, 36, -1, 293.120039
20, 16, 36, 1, 281.371676
12, 25, 37, 0, 261.039126
13, 24, 37, 0, 278.658692
14, 23, 37, 0, 294.257422
15, 22, 37, 0, 305.899576
16, 21, 37, 0, 313.017643
17, 20, 37, 0, 317.100419
18, 19, 37, 0, 315.504202
19, 18, 37, 0, 308.574376
20, 17, 37, 0, 296.127898
14, 24, 38, 1, 299.927529
15, 23, 38, -1, 309.596446
16, 22, 38, 1, 321.053750
17, 21, 38, -1, 323.208305
18, 20, 38, 1, 327.342667
19, 19, 38, -1, 320.646253
20, 18, 38, 1, 313.121649
14, 25, 39, 0, 301.508193
15, 24, 39, 0, 315.820834
16, 23, 39, 0, 325.426522
17, 22, 39, 0, 331.281725
18, 21, 39, 0, 333.941353
19, 20, 39, 0, 333.724006
20, 19, 39, 0, 326.417173
21, 18, 39, 0, 312.524843
14, 26, 40, 1, 306.232988
15, 25, 40, -1, 319.256708
16, 24, 40, 1, 333.173020
17, 23, 40, -1, 337.110640
18, 22, 40, 1, 343.810376
19, 21, 40, -1, 341.523628
20, 20, 40, 1, 342.052184
21, 19, 40, -1, 326.946788
22, 18, 40, 1, 314.634528
15, 26, 41, 0, 324.168603
16, 25, 41, 0, 337.415068
17, 24, 41, 0, 344.931331
18, 23, 41, 0, 349.909305
19, 22, 41, 0, 351.618997
20, 21, 41, 0, 350.415008
21, 20, 41, 0, 343.137114
22, 19, 41, 0, 329.409945
15, 27, 42, -1, 326.168312
16, 26, 42, 1, 344.115555
17, 25, 42, -1, 350.527229
18, 24, 42, 1, 359.335792
19, 23, 42, -1, 359.152798
20, 22, 42, 1, 361.895713
21, 21, 42, -1, 354.687073
22, 20, 42, 1, 346.888080
16, 27, 43, 0, 346.744587
17, 26, 43, 0, 357.926290
18, 25, 43, 0, 364.994243
19, 24, 43, 0, 368.777477
20, 23, 43, 0, 369.828608
21, 22, 43, 0, 366.825539
22, 21, 43, 0, 359.170632
23, 20, 43, 0, 346.989055
16, 28, 44, 1, 351.824678
17, 27, 44, -1, 362.317067
18, 26, 44, 1, 373.729008
19, 25, 44, -1, 376.054901
20, 24, 44, 1, 380.959784
21, 23, 44, -1, 376.524742
22, 22, 44, 1, 375.474946
23, 21, 44, -1, 360.952095
24, 20, 44, 1, 349.783566
17, 28, 45, 0, 368.171960
18, 27, 45, 0, 378.897867
19, 26, 45, 0, 384.960361
20, 25, 45, 0, 388.374602
21, 24, 45, 0, 387.852345
22, 23, 45, 0, 385.007945
23, 22, 45, 0, 377.101773
24, 21, 45, 0, 363.947787
17, 29, 46, -1, 371.715682
18, 28, 46, 1, 386.969641
19, 27, 46, -1, 391.829969
20, 26, 46, 1, 398.773301
21, 25, 46, -1, 396.612989
22, 24, 46, 1, 398.197266
23, 23, 46, -1, 390.362546
24, 22, 46, 1, 381.975872
25, 21, 46, -1, 364.139703
18, 29, 47, 0, 390.636975
19, 28, 47, 0, 400.199336
20, 27, 47, 0, 406.049676
21, 26, 47, 0, 407.259503
22, 25, 47, 0, 407.077927
23, 24, 47, 0, 403.365036
24, 23, 47, 0, 395.138715
25, 22, 47, 0, 382.359650
18, 30, 48, 1, 395.695949
19, 29, 48, -1, 404.843155
20, 28, 48, 1, 416.001197
21, 27, 48, -1, 415.498066
22, 26, 48, 1, 418.704586
23, 25, 48, -1, 413.907293
24, 24, 48, 1, 411.468254
25, 23, 48, -1, 397.161235
26, 22, 48, 1, 385.090819
19, 30, 49, 0, 410.241490
20, 29, 49, 0, 421.147650
21, 28, 49, 0, 425.627745
22, 27, 49, 0, 426.846963
23, 26, 49, 0, 425.462761
24, 25, 49, 0, 422.050607
25, 24, 49, 0, 413.555835
26, 23, 49, 0, 399.904293
19, 31, 50, -1, 414.429165
20, 30, 50, 1, 427.508195
21, 29, 50, -1, 431.673735
22, 28, 50, 1, 437.786135
23, 27, 50, -1, 434.795160
24, 26, 50, 1, 435.050940
25, 25, 50, -1, 426.634115
26, 24, 50, 1, 417.701340
27, 23, 50, -1, 400.031935
19, 32, 51, 0, 419.288085
20, 31, 51, 0, 432.322588
21, 30, 51, 0, 438.458286
22, 29, 51, 0, 444.158551
23, 28, 51, 0, 445.846345
24, 27, 51, 0, 444.311607
25, 26, 51, 0, 440.321770
26, 25, 51, 0, 431.485383
27, 24, 51, 0, 417.856000
19, 33, 52, -1, 421.981576
20, 32, 52, 1, 438.327869
21, 31, 52, -1, 443.802814
22, 30, 52, 1, 451.974604
23, 29, 52, -1, 453.157588
24, 28, 52, 1, 456.351719
25, 27, 52, -1, 450.861252
26, 26, 52, 1, 447.699611
27, 25, 52, -1, 432.929151
28, 24, 52, 1, 420.362680
19, 34, 53, 0, 425.210986
20, 33, 53, 0, 441.520623
21, 32, 53, 0, 450.120122
22, 31, 53, 0, 457.449657
23, 30, 53, 0, 461.637552
24, 29, 53, 0, 464.291146
25, 28, 53, 0, 462.911529
26, 27, 53, 0, 458.386321
27, 26, 53, 0, 449.315863
28, 25, 53, 0, 435.504970
20, 34, 54, 1, 445.364822
21, 33, 54, -1, 453.859821
22, 32, 54, 1, 464.383352
23, 31, 54, -1, 467.755463
24, 30, 54, 1, 474.010229
25, 29, 54, -1, 471.850747
26, 28, 54, 1, 471.764768
27, 27, 54, -1, 462.737875
28, 26, 54, 1, 453.223771
20, 35, 55, 0, 446.925930
21, 34, 55, 0, 458.335317
22, 33, 55, 0, 468.543328
23, 32, 55, 0, 475.053650
24, 31, 55, 0, 480.256491
25, 30, 55, 0, 482.076358
26, 29, 55, 0, 481.062895
27, 28, 55, 0, 476.829122
28, 27, 55, 0, 467.352737
29, 26, 55, 0, 452.869835
20, 36, 56, 1, 449.857262
21, 35, 56, -1, 461.080374
22, 34, 56, 1, 474.205172
23, 33, 56, -1, 480.183234
24, 32, 56, 1, 488.502610
25, 31, 56, -1, 489.346805
26, 30, 56, 1, 492.259953
27, 29, 56, -1, 486.910962
28, 28, 56, 1, 483.995742
29, 27, 56, -1, 467.935479
21, 36, 57, 0, 465.015496
22, 35, 57, 0, 477.255346
23, 34, 57, 0, 486.506212
24, 33, 57, 0, 493.813789
25, 32, 57, 0, 497.992732
26, 31, 57, 0, 499.906125
27, 30, 57, 0, 498.287417
28, 29, 57, 0, 494.243375
29, 28, 57, 0, 484.686082
21, 37, 58, -1, 467.186729
22, 36, 58, 1, 481.842482
23, 35, 58, -1, 490.573048
24, 34, 58, 1, 501.351925
25, 33, 58, -1, 504.405340
26, 32, 58, 1, 509.950697
27, 31, 58, -1, 506.860370
28, 30, 58, 1, 506.459602
29, 29, 58, -1, 497.116237
30, 28, 58, 1, 486.964909
21, 38, 59, 0, 470.608031
23, 36, 59, 0, 495.824401
24, 35, 59, 0, 505.547370
25, 34, 59, 0, 512.174422
26, 33, 59, 0, 516.531701
27, 32, 59, 0, 517.314236
28, 31, 59, 0, 515.458881
29, 30, 59, 0, 509.878159
30, 29, 59, 0, 499.953032
22, 38, 60, 1, 489.167148
23, 37, 60, -1, 499.372506
24, 36, 60, 1, 512.411256
25, 35, 60, -1, 517.688352
26, 34, 60, 1, 525.351234
27, 33, 60, -1, 524.806152
28, 32, 60, 1, 526.846614
29, 31, 60, -1, 519.936282
30, 30, 60, 1, 514.983144
23, 38, 61, 0, 504.533544
24, 37, 61, 0, 516.070577
25, 36, 61, 0, 524.533858
26, 35, 61, 0, 530.929885
27, 34, 61, 0, 534.125211
28, 33, 61, 0, 534.666714
29, 32, 61, 0, 531.646403
30, 31, 61, 0, 525.228898
31, 30, 61, 0, 515.232309
23, 39, 62, -1, 507.640903
24, 38, 62, 1, 522.498000
25, 37, 62, -1, 529.387012
26, 36, 62, 1, 538.958752
27, 35, 62, -1, 540.722751
28, 34, 62, 1, 545.262441
29, 33, 62, -1, 540.521202
30, 32, 62, 1, 538.119396
31, 31, 62, -1, 528.155984
23, 40, 63, 0, 512.239197
24, 39, 63, 0, 525.895007
25, 38, 63, 0, 535.821426
26, 37, 63, 0, 543.787644
27, 36, 63, 0, 549.221224
28, 35, 63, 0, 552.100217
29, 34, 63, 0, 551.384845
30, 33, 63, 0, 547.236056
31, 32, 63, 0, 540.787382
32, 31, 63, 0, 530.379152
24, 40, 64, 1, 531.428006
25, 39, 64, -1, 539.994720
26, 38, 64, 1, 551.192883
27, 37, 64, -1, 555.233427
28, 36, 64, 1, 561.757677
29, 35, 64, -1, 559.300710
30, 34, 64, 1, 559.097965
31, 33, 64, -1, 551.144429
32, 32, 64, 1, 545.844755
25, 40, 65, 0, 546.044343
26, 39, 65, 0, 555.512555
27, 38, 65, 0, 562.697512
28, 37, 65, 0, 567.855756
29, 36, 65, 0, 569.211286
30, 35, 65, 0, 567.077290
31, 34, 65, 0, 563.040406
32, 33, 65, 0, 556.078796
33, 32, 65, 0, 545.755282
25, 41, 66, -1, 549.898708
26, 40, 66, 1, 562.433817
27, 39, 66, -1, 567.992165
28, 38, 66, 1, 576.807568
29, 37, 66, -1, 576.277218
30, 36, 66, 1, 578.135811
31, 35, 66, -1, 572.177965
32, 34, 66, 1, 569.278928
33, 33, 66, -1, 558.914624
26, 41, 67, 0, 566.145705
27, 40, 67, 0, 574.976727
28, 39, 67, 0, 582.615284
29, 38, 67, 0, 585.409800
30, 37, 67, 0, 585.188278
31, 36, 67, 0, 583.404711
32, 35, 67, 0, 578.416923
33, 34, 67, 0, 571.548089
34, 33, 67, 0, 560.758805
27, 41, 68, -1, 579.368847
28, 40, 68, 1, 590.407736
29, 39, 68, -1, 591.728608
30, 38, 68, 1, 595.386376
31, 37, 68, -1, 591.682926
32, 36, 68, 1, 590.793323
33, 35, 68, -1, 581.926708
34, 34, 68, 1, 576.439278
27, 42, 69, 0, 586.183028
28, 41, 69, 0, 594.993886
29, 40, 69, 0, 599.969104
30, 39, 69, 0, 601.868446
31, 38, 69, 0, 601.996006
32, 37, 69, 0, 598.986516
33, 36, 69, 0, 594.215677
34, 35, 69, 0, 586.755866
35, 34, 69, 0, 575.798279
27, 43, 70, -1, 590.393860
28, 42, 70, 1, 602.300419
29, 41, 70, -1, 605.280585
30, 40, 70, 1, 611.086602
31, 39, 70, -1, 609.649656
32, 38, 70, 1, 610.519196
33, 37, 70, -1, 603.508787
34, 36, 70, 1, 600.322366
35, 35, 70, -1, 589.035748
27, 44, 71, 0, 596.310142
28, 43, 71, 0, 606.564104
29, 42, 71, 0, 613.086654
30, 41, 71, 0, 616.921961
31, 40, 71, 0, 618.949955
32, 39, 71, 0, 617.935138
33, 38, 71, 0, 615.139385
34, 37, 71, 0, 609.610303
35, 36, 71, 0, 602.183866
36, 35, 71, 0, 591.226301
28, 44, 72, 1, 613.455250
29, 43, 72, -1, 618.229843
30, 42, 72, 1, 625.809982
31, 41, 72, -1, 625.470430
32, 40, 72, 1, 628.685705
33, 39, 72, -1, 623.547259
34, 38, 72, 1, 622.403294
35, 37, 72, -1, 612.814507
36, 36, 72, 1, 606.910990
28, 45, 73, 0, 617.408662
29, 44, 73, 0, 625.505603
30, 43, 73, 0, 631.329222
31, 42, 73, 0, 634.652802
32, 41, 73, 0, 635.468650
33, 40, 73, 0, 634.341523
34, 39, 73, 0, 630.833814
35, 38, 73, 0, 625.469862
36, 37, 73, 0, 617.593483
37, 36, 73, 0, 606.270993
29, 45, 74, -1, 630.595684
30, 44, 74, 1, 639.563848
31, 43, 74, -1, 641.074402
32, 42, 74, 1, 645.664881
33, 41, 74, -1, 642.320148
34, 40, 74, 1, 642.890947
35, 39, 74, -1, 635.183551
36, 38, 74, 1, 631.444886
37, 37, 74, -1, 620.246710
29, 46, 75, 0, 637.131007
30, 45, 75, 0, 644.437358
31, 44, 75, 0, 649.556737
32, 43, 75, 0, 652.170720
33, 42, 75, 0, 652.565610
34, 41, 75, 0, 650.918542
35, 40, 75, 0, 647.073728
36, 39, 75, 0, 641.507992
37, 38, 75, 0, 633.620715
38, 37, 75, 0, 622.238370
29, 47, 76, -1, 641.713737
30, 46, 76, 1, 652.252786
31, 45, 76, -1, 655.464067
32, 44, 76, 1, 661.597966
33, 43, 76, -1, 659.894107
34, 42, 76, 1, 662.072336
35, 41, 76, -1, 656.327108
36, 40, 76, 1, 654.269385
37, 39, 76, -1, 644.952424
38, 38, 76, 1, 637.938634
29, 48, 77, 0, 647.666258
30, 47, 77, 0, 656.810285
31, 46, 77, 0, 663.231084
32, 45, 77, 0, 667.669256
33, 44, 77, 0, 669.590375
34, 43, 77, 0, 669.491192
35, 42, 77, 0, 667.344162
36, 41, 77, 0, 663.496449
37, 40, 77, 0, 657.375149
38, 39, 77, 0, 649.565748
29, 49, 78, -1, 651.664221
30, 48, 78, 1, 663.575640
31, 47, 78, -1, 669.014135
32, 46, 78, 1, 676.389761
33, 45, 78, -1, 676.562328
34, 44, 78, 1, 679.988962
35, 43, 78, -1, 675.632833
36, 42, 78, 1, 675.576603
37, 41, 78, -1, 667.551394
38, 40, 78, 1, 663.007574
29, 50, 79, 0, 657.354102
30, 49, 79, 0, 667.596018
31, 48, 79, 0, 675.929728
32, 47, 79, 0, 682.126203
33, 46, 79, 0, 685.452759
34, 45, 79, 0, 686.951792
35, 44, 79, 0, 686.320052
36, 43, 79, 0, 683.911927
37, 42, 79, 0, 679.490068
38, 41, 79, 0, 673.384608
39, 40, 79, 0, 664.925525
30, 50, 80, 1, 673.883656
31, 49, 80, -1, 680.676360
32, 48, 80, 1, 690.205656
33, 47, 80, -1, 692.102592
34, 46, 80, 1, 696.865136
35, 45, 80, -1, 694.212328
36, 44, 80, 1, 695.434408
37, 43, 80, -1, 688.934080
38, 42, 80, 1, 686.287728
39, 41, 80, -1, 676.342072
30, 51, 81, 0, 676.506022
31, 50, 81, 0, 687.151966
32, 49, 81, 0, 695.033355
33, 48, 81, 0, 700.492625
34, 47, 81, 0, 703.565984
35, 46, 81, 0, 704.371667
36, 45, 81, 0, 703.308469
37, 44, 81, 0, 700.286626
38, 43, 81, 0, 695.575715
39, 42, 81, 0, 688.978151
40, 41, 81, 0, 680.007304
30, 52, 82, 1, 680.691635
31, 51, 82, -1, 690.526051
32, 50, 82, 1, 702.228049
33, 49, 82, -1, 706.136055
34, 48, 82, 1, 712.842179
35, 47, 82, -1, 711.964615
36, 46, 82, 1, 714.275383
37, 45, 82, -1, 709.089055
38, 44, 82, 1, 708.128958
39, 43, 82, -1, 699.400648
40, 42, 82, 1, 694.168261
31, 52, 83, 0, 694.923775
32, 51, 83, 0, 705.860735
33, 50, 83, 0, 713.771282
34, 49, 83, 0, 718.660148
35, 48, 83, 0, 721.550972
36, 47, 83, 0, 721.745548
37, 46, 83, 0, 720.043202
38, 45, 83, 0, 716.987831
39, 44, 83, 0, 711.613539
40, 43, 83, 0, 704.537175
41, 42, 83, 0, 695.456079
31, 53, 84, -1, 697.832100
32, 52, 84, 1, 711.104050
33, 51, 84, -1, 718.026834
34, 50, 84, 1, 727.338654
35, 49, 84, -1, 728.391670
36, 48, 84, 1, 732.265573
37, 47, 84, -1, 728.802850
38, 46, 84, 1, 728.911109
39, 45, 84, -1, 721.373621
40, 44, 84, 1, 718.118528
41, 43, 84, -1, 707.108329
31, 54, 85, 0, 701.553339
32, 53, 85, 0, 714.150356
33, 52, 85, 0, 723.433734
34, 51, 85, 0, 731.875883
35, 50, 85, 0, 737.255371
36, 49, 85, 0, 739.377880
37, 48, 85, 0, 739.282536
38, 47, 85, 0, 737.436141
39, 46, 85, 0, 733.392631
40, 45, 85, 0, 727.943349
41, 44, 85, 0, 720.265495
42, 43, 85, 0, 710.713220
32, 54, 86, 1, 718.498180
33, 53, 86, -1, 727.278049
34, 52, 86, 1, 738.036726
35, 51, 86, -1, 742.383467
36, 50, 86, 1, 749.234537
37, 49, 86, -1, 747.933520
38, 48, 86, 1, 748.927268
39, 47, 86, -1, 742.904920
40, 46, 86, 1, 740.808498
41, 45, 86, -1, 731.191187
42, 44, 86, 1, 725.385705
33, 54, 87, 0, 732.005133
34, 53, 87, 0, 742.031004
35, 52, 87, 0, 748.714213
36, 51, 87, 0, 754.749708
37, 50, 87, 0, 757.855634
38, 49, 87, 0, 757.355558
39, 48, 87, 0, 754.711524
40, 47, 87, 0, 750.257942
41, 46, 87, 0, 744.002937
42, 45, 87, 0, 736.230914
43, 44, 87, 0, 726.253806
34, 54, 88, 1, 747.560396
35, 53, 88, -1, 753.609815
36, 52, 88, 1, 761.802791
37, 51, 88, -1, 763.938155
38, 50, 88, 1, 768.468430
39, 49, 88, -1, 764.063485
40, 48, 88, 1, 762.610983
41, 47, 88, -1, 754.371314
42, 46, 88, 1, 750.103966
43, 45, 88, -1, 738.305374
34, 55, 89, 0, 750.739911
35, 54, 89, 0, 759.239438
36, 53, 89, 0, 766.718606
37, 52, 89, 0, 771.112866
38, 51, 89, 0, 774.827147
39, 50, 89, 0, 775.546979
40, 49, 89, 0, 771.931399
41, 48, 89, 0, 766.896838
42, 47, 89, 0, 760.503674
43, 46, 89, 0, 752.101246
44, 45, 89, 0, 742.293464
34, 56, 90, 1, 755.619048
35, 55, 90, -1, 763.036785
36, 54, 90, 1, 773.213391
37, 53, 90, -1, 776.837358
38, 52, 90, 1, 782.640387
39, 51, 90, -1, 782.404002
40, 50, 90, 1, 783.897291
41, 49, 90, -1, 777.003930
42, 48, 90, 1, 773.732565
43, 47, 90, -1, 763.502400
44, 46, 90, 1, 756.879156
34, 57, 91, 0, 758.470276
35, 56, 91, 0, 768.215102
36, 55, 91, 0, 777.299423
37, 54, 91, 0, 783.288151
38, 53, 91, 0, 788.412707
39, 52, 91, 0, 790.329731
40, 51, 91, 0, 791.091656
41, 50, 91, 0, 789.051745
42, 49, 91, 0, 783.840203
43, 48, 91, 0, 776.835678
44, 47, 91, 0, 768.306512
35, 57, 92, -1, 771.411932
36, 56, 92, 1, 783.166100
37, 55, 92, -1, 788.386870
38, 54, 92, 1, 795.699444
39, 53, 92, -1, 796.866225
40, 52, 92, 1, 799.726404
41, 51, 92, -1, 796.938325
42, 50, 92, 1, 796.511270
43, 49, 92, -1, 787.846048
44, 48, 92, 1, 782.439208
45, 47, 92, -1, 770.354741
46, 46, 92, 1, 761.352394
35, 58, 93, 0, 776.140670
36, 57, 93, 0, 786.604091
37, 56, 93, 0, 794.305644
38, 55, 93, 0, 800.989238
39, 54, 93, 0, 804.348202
40, 53, 93, 0, 806.460725
41, 52, 93, 0, 805.769196
42, 51, 93, 0, 804.581083
43, 50, 93, 0, 800.597773
44, 49, 93, 0, 793.426031
45, 48, 93, 0, 784.438772
46, 47, 93, 0, 773.626424
36, 58, 94, 1, 791.887189
37, 57, 94, -1, 798.319854
38, 56, 94, 1, 807.820434
39, 55, 94, -1, 810.543839
40, 54, 94, 1, 814.679350
41, 53, 94, -1, 812.996732
42, 52, 94, 1, 814.259405
43, 51, 94, -1, 809.221306
44, 50, 94, 1, 806.864228
45, 49, 94, -1, 796.405910
46, 48, 94, 1, 788.818221
36, 59, 95, 0, 794.769649
37, 58, 95, 0, 803.718687
38, 57, 95, 0, 812.163312
39, 56, 95, 0, 817.471618
40, 55, 95, 0, 821.141278
41, 54, 95, 0, 821.485263
42, 53, 95, 0, 821.628514
43, 52, 95, 0, 819.155654
44, 51, 95, 0, 815.809707
45, 50, 95, 0, 809.910216
46, 49, 95, 0, 800.753167
36, 60, 96, 1, 799.763722
37, 59, 96, -1, 807.254045
38, 58, 96, 1, 818.035594
39, 57, 96, -1, 822.664982
40, 56, 96, 1, 828.991517
41, 55, 96, -1, 828.373133
42, 54, 96, 1, 830.782848
43, 53, 96, -1, 827.027261
44, 52, 96, 1, 826.503648
45, 51, 96, -1, 819.328656
46, 50, 96, 1, 815.041987
47, 49, 96, -1, 802.587869
36, 61, 97, 0, 802.176856
37, 60, 97, 0, 812.490158
38, 59, 97, 0, 821.769343
39, 58, 97, 0, 828.521775
40, 57, 97, 0, 834.560665
41, 56, 97, 0, 836.444425
42, 55, 97, 0, 837.603982
43, 54, 97, 0, 836.501364
44, 53, 97, 0, 834.615150
45, 52, 97, 0, 830.309805
46, 51, 97, 0, 824.735739
47, 50, 97, 0, 817.051574
48, 49, 97, 0, 806.099226
37, 61, 98, -1, 816.411481
38, 60, 98, 1, 827.682373
39, 59, 98, -1, 832.766388
40, 58, 98, 1, 840.977043
41, 57, 98, -1, 842.437557
42, 56, 98, 1, 846.246572
43, 55, 98, -1, 843.780461
44, 54, 98, 1, 844.790772
45, 53, 98, -1, 838.958772
46, 52, 98, 1, 836.322190
47, 51, 98, -1, 827.285287
48, 50, 98, 1, 821.072939
37, 62, 99, 0, 821.234799
38, 61, 99, 0, 831.849826
39, 60, 99, 0, 839.192686
40, 59, 99, 0, 845.383275
41, 58, 99, 0, 849.319604
42, 57, 99, 0, 852.172022
43, 56, 99, 0, 852.747440
44, 55, 99, 0, 852.262607
45, 54, 99, 0, 849.439394
46, 53, 99, 0, 845.255387
47, 52, 99, 0, 839.002666
48, 51, 99, 0, 831.438967
37, 63, 100, -1, 824.450850
38, 62, 100, 1, 837.220120
39, 61, 100, -1, 843.941510
40, 60, 100, 1, 852.210660
41, 59, 100, -1, 854.846830
42, 58, 100, 1, 860.466260
43, 57, 100, -1, 859.511840
44, 56, 100, 1, 861.935930
45, 55, 100, -1, 857.517320
46, 54, 100, 1, 856.356520
47, 53, 100, -1, 848.499470
48, 52, 100, 1, 843.773750
49, 51, 100, -1, 832.974950
50, 50, 100, 1, 825.162600
37, 64, 101, 0, 828.823705
38, 63, 101, 0, 840.798851
39, 62, 101, 0, 849.746380
40, 61, 101, 0, 857.070234
41, 60, 101, 0, 862.018386
42, 59, 101, 0, 865.864506
43, 58, 101, 0, 867.906797
44, 57, 101, 0, 868.737966
45, 56, 101, 0, 867.409937
46, 55, 101, 0, 864.647304
47, 54, 101, 0, 859.767197
48, 53, 101, 0, 853.486936
49, 52, 101, 0, 845.413026
50, 51, 101, 0, 836.391403
37, 65, 102, -1, 831.579919
38, 64, 102, 1, 845.704573
39, 63, 102, -1, 853.935554
40, 62, 102, 1, 863.561988
41, 61, 102, -1, 867.496485
42, 60, 102, 1, 873.976739
43, 59, 102, -1, 874.206443
44, 58, 102, 1, 877.957605
45, 57, 102, -1, 874.852144
46, 56, 102, 1, 875.189447
47, 55, 102, -1, 868.750830
48, 54, 102, 1, 865.381484
49, 53, 102, -1, 855.634334
50, 52, 102, 1, 849.091993
39, 64, 103, 0, 859.291261
40, 63, 103, 0, 867.860871
41, 62, 103, 0, 874.298196
42, 61, 103, 0, 879.441522
43, 60, 103, 0, 882.308764
44, 59, 103, 0, 884.189657
45, 58, 103, 0, 884.171848
46, 57, 103, 0, 882.814782
47, 56, 103, 0, 879.378156
48, 55, 103, 0, 874.444734
49, 54, 103, 0, 867.643150
40, 64, 104, 1, 873.840854
41, 63, 104, -1, 879.151853
42, 62, 104, 1, 886.902255
43, 61, 104, -1, 888.275128
44, 60, 104, 1, 893.089579
45, 59, 104, -1, 891.170810
46, 58, 104, 1, 892.824244
47, 57, 104, -1, 887.763240
48, 56, 104, 1, 885.832813
49, 55, 104, -1, 877.264752
50, 54, 104, 1, 871.926786
52, 52, 104, 1, 848.361862
40, 65, 105, 0, 877.652790
41, 64, 105, 0, 885.327712
42, 63, 105, 0, 891.960615
43, 62, 105, 0, 896.133777
44, 61, 105, 0, 898.999668
45, 60, 105, 0, 900.134056
46, 59, 105, 0, 899.918344
47, 58, 105, 0, 897.788934
48, 57, 105, 0, 894.269586
49, 56, 105, 0, 888.793972
50, 55, 105, 0, 881.709045
51, 54, 105, 0, 871.604191
52, 53, 105, 0, 859.617864
41, 65, 106, -1, 889.686164
42, 64, 106, 1, 898.829141
43, 63, 106, -1, 901.695042
44, 62, 106, 1, 907.459704
45, 61, 106, -1, 906.716760
46, 60, 106, 1, 909.479300
47, 59, 106, -1, 905.731808
48, 58, 106, 1, 905.139215
49, 57, 106, -1, 897.832858
50, 56, 106, 1, 893.796060
51, 55, 106, -1, 882.133314
52, 54, 106, 1, 873.097429
41, 66, 107, 0, 895.278609
42, 65, 107, 0, 903.317433
43, 64, 107, 0, 908.740075
44, 63, 107, 0, 913.070333
45, 62, 107, 0, 915.289128
46, 61, 107, 0, 916.015722
47, 60, 107, 0, 915.267428
48, 59, 107, 0, 913.068707
49, 58, 107, 0, 908.862697
50, 57, 107, 0, 903.025922
51, 56, 107, 0, 894.384581
41, 67, 108, -1, 899.171323
42, 66, 108, 1, 909.593075
43, 65, 108, -1, 913.984258
44, 64, 108, 1, 920.940484
45, 63, 108, -1, 921.527896
46, 62, 108, 1, 925.238603
47, 61, 108, -1, 922.538830
48, 60, 108, 1, 923.402117
49, 59, 108, -1, 917.487173
50, 58, 108, 1, 914.654948
51, 57, 108, -1, 904.247993
52, 56, 108, 1, 896.801987
54, 54, 108, 1, 872.087969
41, 68, 109, 0, 904.387246
42, 67, 109, 0, 913.574377
43, 66, 109, 0, 920.415576
44, 65, 109, 0, 926.088852
45, 64, 109, 0, 929.567304
46, 63, 109, 0, 931.392192
47, 62, 109, 0, 931.722789
48, 61, 109, 0, 930.725341
49, 60, 109, 0, 927.928194
50, 59, 109, 0, 923.286495
51, 58, 109, 0, 916.124955
52, 57, 109, 0, 906.807025
53, 56, 109, 0, 895.981788
54, 55, 109, 0, 883.696474
41, 69, 110, -1, 908.078677
42, 68, 110, 1, 919.522230
43, 67, 110, -1, 925.238633
44, 66, 110, 1, 933.494353
45, 65, 110, -1, 935.468061
46, 64, 110, 1, 940.187930
47, 63, 110, -1, 938.531979
48, 62, 110, 1, 940.640305
49, 61, 110, -1, 935.979957
50, 60, 110, 1, 934.569625
51, 59, 110, -1, 925.395031
52, 58, 110, 1, 919.392760
53, 57, 110, -1, 906.848437
54, 56, 110, 1, 897.520888
42, 69, 111, 0, 922.997545
43, 68, 111, 0, 931.300057
44, 67, 111, 0, 938.278360
45, 66, 111, 0, 943.014564
46, 65, 111, 0, 945.914228
47, 64, 111, 0, 947.361446
48, 63, 111, 0, 947.615891
49, 62, 111, 0, 945.973346
50, 61, 111, 0, 942.737541
51, 60, 111, 0, 936.853353
52, 59, 111, 0, 928.821748
53, 58, 111, 0, 919.405707
43, 69, 112, -1, 935.605630
44, 68, 112, 1, 945.195227
45, 67, 112, -1, 948.513059
46, 66, 112, 1, 954.320696
47, 65, 112, -1, 953.801038
48, 64, 112, 1, 957.009827
49, 63, 112, -1, 953.642749
50, 62, 112, 1, 953.525317
51, 61, 112, -1, 945.686896
52, 60, 112, 1, 940.873102
53, 59, 112, -1, 929.586571
54, 58, 112, 1, 921.767235
43, 70, 113, 0, 941.229568
44, 69, 113, 0, 949.503484
45, 68, 113, 0, 955.620265
46, 67, 113, 0, 959.661483
47, 66, 113, 0, 962.315458
48, 65, 113, 0, 963.549576
49, 64, 113, 0, 963.091056
50, 63, 113, 0, 961.269722
51, 62, 113, 0, 956.576211
52, 61, 113, 0, 949.723936
53, 60, 113, 0, 941.714066
54, 59, 113, 0, 932.015830
55, 58, 113, 0, 920.794399
43, 71, 114, -1, 945.089629
44, 70, 114, 1, 955.928201
45, 69, 114, -1, 960.634919
46, 68, 114, 1, 967.632638
47, 67, 114, -1, 968.290760
48, 66, 114, 1, 972.592539
49, 65, 114, -1, 970.365059
50, 64, 114, 1, 971.572649
51, 63, 114, -1, 964.727177
52, 62, 114, 1, 961.337889
53, 61, 114, -1, 951.304806
54, 60, 114, 1, 944.969416
55, 59, 114, -1, 931.787105
56, 58, 114, 1, 922.224261
44, 71, 115, 0, 959.883610
45, 70, 115, 0, 967.225187
46, 69, 115, 0, 972.639433
47, 68, 115, 0, 976.413860
48, 67, 115, 0, 978.733398
49, 66, 115, 0, 979.402928
50, 65, 115, 0, 979.118073
51, 64, 115, 0, 975.305294
52, 63, 115, 0, 969.582296
53, 62, 115, 0, 963.074987
54, 61, 115, 0, 954.611596
44, 72, 116, 1, 965.918544
45, 71, 116, -1, 971.803027
46, 70, 116, 1, 980.115958
47, 69, 116, -1, 982.045247
48, 68, 116, 1, 987.432728
49, 67, 116, -1, 986.187653
50, 66, 116, 1, 988.681526
51, 65, 116, -1, 983.195213
52, 64, 116, 1, 980.854646
53, 63, 116, -1, 972.229153
54, 62, 116, 1, 967.073034
44, 73, 117, 0, 969.410813
45, 72, 117, 0, 978.035362
46, 71, 117, 0, 984.780143
47, 70, 117, 0, 989.755825
48, 69, 117, 0, 993.209958
49, 68, 117, 0, 994.952240
50, 67, 117, 0, 995.624604
51, 66, 117, 0, 993.084078
52, 65, 117, 0, 988.757675
53, 64, 117, 0, 983.318392
54, 63, 117, 0, 976.282819
55, 62, 117, 0, 967.808228
56, 61, 117, 0, 957.990688
45, 73, 118, -1, 982.096760
46, 72, 118, 1, 991.815925
47, 71, 118, -1, 995.199020
48, 70, 118, 1, 1001.564530
49, 69, 118, -1, 1001.308706
50, 68, 118, 1, 1004.951024
51, 67, 118, -1, 1000.512041
52, 66, 118, 1, 999.424246
53, 65, 118, -1, 991.922195
54, 64, 118, 1, 988.247864
55, 63, 118, -1, 977.795825
45, 74, 119, 0, 988.104041
46, 73, 119, 0, 995.906169
47, 72, 119, 0, 1002.362299
48, 71, 119, 0, 1006.911134
49, 70, 119, 0, 1009.850505
50, 69, 119, 0, 1011.434479
51, 68, 119, 0, 1010.062694
52, 67, 119, 0, 1006.987341
53, 66, 119, 0, 1002.800196
54, 65, 119, 0, 997.034598
55, 64, 119, 0, 989.762829
56, 63, 119, 0, 981.265515
46, 74, 120, 1, 1002.849804
47, 73, 120, -1, 1007.439372
48, 72, 120, 1, 1014.962880
49, 71, 120, -1, 1015.950900
50, 70, 120, 1, 1020.538560
51, 69, 120, -1, 1017.075600
52, 68, 120, 1, 1017.238284
53, 67, 120, -1, 1010.840940
54, 66, 120, 1, 1008.483864
55, 65, 120, -1, 999.417732
56, 64, 120, 1, 993.635388
45, 76, 121, 0, 997.674004
46, 75, 121, 0, 1006.823866
47, 74, 121, 0, 1014.262003
48, 73, 121, 0, 1020.150661
49, 72, 121, 0, 1024.129081
50, 71, 121, 0, 1026.708764
51, 70, 121, 0, 1026.328945
52, 69, 121, 0, 1024.490556
53, 68, 121, 0, 1021.410743
54, 67, 121, 0, 1016.863745
55, 66, 121, 0, 1010.702739
56, 65, 121, 0, 1003.562904
46, 76, 122, 1, 1013.329011
47, 75, 122, -1, 1019.036610
48, 74, 122, 1, 1027.760537
49, 73, 122, -1, 1029.937164
50, 72, 122, 1, 1035.523410
51, 71, 122, -1, 1033.135308
52, 70, 122, 1, 1034.332043
53, 69, 122, -1, 1029.315696
54, 68, 122, 1, 1027.809057
55, 67, 122, -1, 1019.816483
56, 66, 122, 1, 1015.498317
46, 77, 123, 0, 1017.213911
47, 76, 123, 0, 1025.570396
48, 75, 123, 0, 1032.633646
49, 74, 123, 0, 1037.866153
50, 73, 123, 0, 1041.469450
51, 72, 123, 0, 1042.095311
52, 71, 123, 0, 1041.261051
53, 70, 123, 0, 1039.250321
54, 69, 123, 0, 1035.773640
55, 68, 123, 0, 1030.786691
56, 67, 123, 0, 1024.615658
47, 77, 124, -1, 1030.303079
48, 76, 124, 1, 1039.990220
49, 75, 124, -1, 1043.376213
50, 74, 124, 1, 1049.957563
51, 73, 124, -1, 1048.562811
52, 72, 124, 1, 1050.685542
53, 71, 124, -1, 1046.743607
54, 70, 124, 1, 1046.264111
55, 69, 124, -1, 1039.555414
56, 68, 124, 1, 1036.121792
57, 67, 124, -1, 1026.508282
47, 78, 125, 0, 1036.664387
48, 77, 125, 0, 1044.710188
49, 76, 125, 0, 1050.992062
50, 75, 125, 0, 1055.691063
51, 74, 125, 0, 1057.270150
52, 73, 125, 0, 1057.254512
53, 72, 125, 0, 1056.286388
54, 71, 125, 0, 1053.867375
55, 70, 125, 0, 1049.975412
56, 69, 125, 0, 1044.772300
57, 68, 125, 0, 1038.080475
48, 78, 126, 1, 1051.689152
49, 77, 126, -1, 1056.460444
50, 76, 126, 1, 1063.883860
51, 75, 126, -1, 1063.479514
52, 74, 126, 1, 1066.368202
53, 73, 126, -1, 1063.432175
54, 72, 126, 1, 1063.885725
55, 71, 126, -1, 1058.307680
56, 70, 126, 1, 1055.844556
57, 69, 126, -1, 1047.365777
58, 68, 126, 1, 1042.430521
48, 79, 127, 0, 1056.245932
49, 78, 127, 0, 1063.602292
50, 77, 127, 0, 1069.409621
51, 76, 127, 0, 1071.855997
52, 75, 127, 0, 1072.655843
53, 74, 127, 0, 1072.576214
54, 73, 127, 0, 1071.131538
55, 72, 127, 0, 1068.268336
56, 71, 127, 0, 1064.063912
57, 70, 127, 0, 1058.359732
58, 69, 127, 0, 1051.660609
48, 80, 128, 1, 1062.814298
49, 79, 128, -1, 1068.983821
50, 78, 128, 1, 1077.372787
51, 77, 128, -1, 1077.858867
52, 76, 128, 1, 1081.440461
53, 75, 128, -1, 1079.402355
54, 74, 128, 1, 1080.742502
55, 73, 128, -1, 1076.031398
56, 72, 128, 1, 1074.686438
57, 71, 128, -1, 1067.160371
58, 70, 128, 1, 1063.286515
59, 69, 128, -1, 1053.301005
48, 81, 129, 0, 1066.769512
49, 80, 129, 0, 1075.699911
50, 79, 129, 0, 1082.673277
51, 78, 129, 0, 1085.929714
52, 77, 129, 0, 1087.522864
53, 76, 129, 0, 1088.242813
54, 75, 129, 0, 1087.649362
55, 74, 129, 0, 1085.669999
56, 73, 129, 0, 1082.449462
57, 72, 129, 0, 1077.929792
58, 71, 129, 0, 1072.111402
59, 70, 129, 0, 1064.815123
48, 82, 130, 1, 1072.836284
49, 81, 130, -1, 1080.842880
50, 80, 130, 1, 1090.286210
51, 79, 130, -1, 1091.657333
52, 78, 130, 1, 1095.942263
53, 77, 130, -1, 1094.743143
54, 76, 130, 1, 1096.905082
55, 75, 130, -1, 1093.142024
56, 74, 130, 1, 1092.716690
57, 73, 130, -1, 1086.304947
58, 72, 130, 1, 1083.318132
59, 71, 130, -1, 1074.288345
60, 70, 130, 1, 1068.926768
48, 83, 131, 0, 1075.001772
49, 82, 131, 0, 1087.032026
50, 81, 131, 0, 1095.489897
51, 80, 131, 0, 1099.424377
52, 79, 131, 0, 1101.871641
53, 78, 131, 0, 1103.320999
54, 77, 131, 0, 1103.509508
55, 76, 131, 0, 1102.369153
56, 75, 131, 0, 1100.210194
57, 74, 131, 0, 1096.518156
58, 73, 131, 0, 1091.674994
59, 72, 131, 0, 1085.484851
60, 71, 131, 0, 1078.169889
48, 84, 132, 1, 1078.326757
49, 83, 132, -1, 1089.490538
50, 82, 132, 1, 1102.843183
51, 81, 132, -1, 1105.149566
52, 80, 132, 1, 1109.920139
53, 79, 132, -1, 1109.653090
54, 78, 132, 1, 1112.446223
55, 77, 132, -1, 1109.537590
56, 76, 132, 1, 1110.037460
57, 75, 132, -1, 1104.543779
58, 74, 132, 1, 1102.506544
59, 73, 132, -1, 1094.482976
60, 72, 132, 1, 1089.898973
50, 83, 133, 0, 1105.241837
51, 82, 133, 0, 1112.509117
52, 81, 133, 0, 1115.740391
53, 80, 133, 0, 1117.878207
54, 79, 133, 0, 1118.882144
55, 78, 133, 0, 1118.527154
56, 77, 133, 0, 1117.227385
57, 76, 133, 0, 1114.385919
58, 75, 133, 0, 1110.527403
59, 74, 133, 0, 1105.264420
60, 73, 133, 0, 1098.876856
61, 72, 133, 0, 1091.169785
50, 84, 134, 1, 1108.873035
51, 83, 134, -1, 1115.675933
52, 82, 134, 1, 1123.408323
53, 81, 134, -1, 1124.135675
54, 80, 134, 1, 1127.435720
55, 79, 134, -1, 1125.418698
56, 78, 134, 1, 1126.695195
57, 77, 134, -1, 1122.181499
58, 76, 134, 1, 1121.013394
59, 75, 134, -1, 1113.926148
60, 74, 134, 1, 1110.262239
61, 73, 134, -1, 1100.597355
50, 85, 135, 0, 1111.142840
51, 84, 135, 0, 1119.418569
52, 83, 135, 0, 1126.674684
53, 82, 135, 0, 1131.942722
54, 81, 135, 0, 1133.794571
55, 80, 135, 0, 1134.180805
56, 79, 135, 0, 1133.667158
57, 78, 135, 0, 1131.677622
58, 77, 135, 0, 1128.868123
59, 76, 135, 0, 1124.405334
60, 75, 135, 0, 1118.900736
61, 74, 135, 0, 1111.967095
62, 73, 135, 0, 1103.979645
51, 85, 136, -1, 1122.306449
52, 84, 136, 1, 1131.442494
53, 83, 136, -1, 1135.780091
54, 82, 136, 1, 1141.881690
55, 81, 136, -1, 1141.009033
56, 80, 136, 1, 1142.774898
57, 79, 136, -1, 1139.142963
58, 78, 136, 1, 1138.831686
59, 77, 136, -1, 1132.881210
60, 76, 136, 1, 1129.957727
61, 75, 136, -1, 1121.146015
62, 74, 136, 1, 1116.004644
51, 86, 137, 0, 1125.931267
52, 85, 137, 0, 1134.392291
53, 84, 137, 0, 1140.662452
54, 83, 137, 0, 1145.907251
55, 82, 137, 0, 1149.287260
56, 81, 137, 0, 1149.680546
57, 80, 137, 0, 1148.317656
58, 79, 137, 0, 1146.313209
59, 78, 137, 0, 1142.813914
60, 77, 137, 0, 1138.413720
61, 76, 137, 0, 1132.120269
62, 75, 137, 0, 1125.256720
63, 74, 137, 0, 1116.628611
52, 86, 138, 1, 1138.855847
53, 85, 138, -1, 1144.357410
54, 84, 138, 1, 1151.567399
55, 83, 138, -1, 1153.699831
56, 82, 138, 1, 1158.292264
57, 81, 138, -1, 1155.761523
58, 80, 138, 1, 1156.031630
59, 79, 138, -1, 1150.812291
60, 78, 138, 1, 1148.918255
61, 77, 138, -1, 1141.033100
62, 76, 138, 1, 1136.834147
63, 75, 138, -1, 1126.303712
52, 87, 139, 0, 1141.436252
53, 86, 139, 0, 1148.919790
54, 85, 139, 0, 1155.311066
55, 84, 139, 0, 1159.585218
56, 83, 139, 0, 1163.015697
57, 82, 139, 0, 1164.541819
58, 81, 139, 0, 1163.494830
59, 80, 139, 0, 1160.583391
60, 79, 139, 0, 1156.989324
61, 78, 139, 0, 1151.691075
62, 77, 139, 0, 1145.787925
63, 76, 139, 0, 1138.023399
52, 88, 140, 1, 1145.669938
53, 87, 140, -1, 1152.126360
54, 86, 140, 1, 1160.724250
55, 85, 140, -1, 1164.005178
56, 84, 140, 1, 1169.441000
57, 83, 140, -1, 1169.702814
58, 82, 140, 1, 1172.682630
59, 81, 140, -1, 1168.512282
60, 80, 140, 1, 1167.300960
61, 79, 140, -1, 1160.473412
62, 78, 140, 1, 1156.934954
63, 77, 140, -1, 1147.682620
64, 76, 140, 1, 1141.696598
65, 75, 140, -1, 1129.614248
53, 88, 141, 0, 1156.518124
54, 87, 141, 0, 1164.006423
55, 86, 141, 0, 1169.504111
56, 85, 141, 0, 1173.976913
57, 84, 141, 0, 1176.391905
58, 83, 141, 0, 1178.110780
59, 82, 141, 0, 1177.911913
60, 81, 141, 0, 1175.306543
61, 80, 141, 0, 1170.855611
62, 79, 141, 0, 1165.484286
63, 78, 141, 0, 1158.693627
64, 77, 141, 0, 1151.209869
65, 76, 141, 0, 1141.744130
53, 89, 142, -1, 1159.465741
54, 88, 142, 1, 1169.110069
55, 87, 142, -1, 1173.612633
56, 86, 142, 1, 1180.157996
57, 85, 142, -1, 1181.557335
58, 84, 142, 1, 1185.283940
59, 83, 142, -1, 1183.755054
60, 82, 142, 1, 1185.136402
61, 81, 142, -1, 1179.545535
62, 80, 142, 1, 1176.603579
63, 79, 142, -1, 1168.148232
64, 78, 142, 1, 1163.016480
65, 77, 142, -1, 1151.834136
54, 89, 143, 0, 1172.154626
55, 88, 143, 0, 1178.844910
56, 87, 143, 0, 1184.324255
57, 86, 143, 0, 1187.776175
58, 85, 143, 0, 1190.428739
59, 84, 143, 0, 1191.108204
60, 83, 143, 0, 1191.259970
61, 82, 143, 0, 1189.435976
62, 81, 143, 0, 1185.210098
63, 80, 143, 0, 1179.151931
64, 79, 143, 0, 1172.359588
65, 78, 143, 0, 1163.765117
66, 77, 143, 0, 1154.732536
54, 90, 144, 1, 1176.895368
55, 89, 144, -1, 1182.512074
56, 88, 144, 1, 1190.225506
57, 87, 144, -1, 1192.525675
58, 86, 144, 1, 1197.325613
59, 85, 144, -1, 1196.861918
60, 84, 144, 1, 1199.077013
61, 83, 144, -1, 1195.962754
62, 82, 144, 1, 1195.729920
63, 81, 144, -1, 1188.601114
64, 80, 144, 1, 1183.959101
65, 79, 144, -1, 1173.785429
66, 78, 144, 1, 1167.204989
67, 77, 144, -1, 1154.462069
54, 91, 145, 0, 1179.587717
55, 90, 145, 0, 1187.366459
56, 89, 145, 0, 1194.045869
57, 88, 145, 0, 1198.582658
58, 87, 145, 0, 1202.032049
59, 86, 145, 0, 1203.808633
60, 85, 145, 0, 1204.832303
61, 84, 145, 0, 1203.885453
62, 83, 145, 0, 1202.487015
63, 82, 145, 0, 1199.044788
64, 81, 145, 0, 1193.197533
65, 80, 145, 0, 1185.888257
66, 79, 145, 0, 1176.948818
67, 78, 145, 0, 1167.043984
54, 92, 146, 1, 1184.120648
55, 91, 146, -1, 1190.693729
56, 90, 146, 1, 1199.467278
57, 89, 146, -1, 1203.039825
58, 88, 146, 1, 1208.662183
59, 87, 146, -1, 1208.927450
60, 86, 146, 1, 1212.397534
61, 85, 146, -1, 1210.143630
62, 84, 146, 1, 1210.903283
63, 83, 146, -1, 1206.242174
64, 82, 146, 1, 1204.428051
65, 81, 146, -1, 1195.323520
66, 80, 146, 1, 1189.332469
67, 79, 146, -1, 1177.233420
68, 78, 146, 1, 1169.534854
55, 92, 147, 0, 1195.374747
56, 91, 147, 0, 1202.936353
57, 90, 147, 0, 1208.568379
58, 89, 147, 0, 1213.121528
59, 88, 147, 0, 1215.769380
60, 87, 147, 0, 1217.689729
61, 86, 147, 0, 1217.802566
62, 85, 147, 0, 1217.244290
63, 84, 147, 0, 1214.740512
64, 83, 147, 0, 1211.770480
65, 82, 147, 0, 1206.373875
66, 81, 147, 0, 1199.044896
67, 80, 147, 0, 1189.823601
68, 79, 147, 0, 1179.891972
69, 78, 147, 0, 1168.476217
55, 93, 148, -1, 1198.436941
56, 92, 148, 1, 1208.288546
57, 91, 148, -1, 1212.670042
58, 90, 148, 1, 1219.577365
59, 89, 148, -1, 1220.932053
60, 88, 148, 1, 1225.022314
61, 87, 148, -1, 1223.697788
62, 86, 148, 1, 1225.385625
63, 85, 148, -1, 1221.564694
64, 84, 148, 1, 1220.754290
65, 83, 148, -1, 1214.239464
66, 82, 148, 1, 1210.779564
67, 81, 148, -1, 1200.128996
68, 80, 148, 1, 1192.834475
69, 79, 148, -1, 1179.338163
56, 93, 149, 0, 1211.645575
57, 92, 149, 0, 1218.252533
58, 91, 149, 0, 1223.920181
59, 90, 149, 0, 1227.507296
60, 89, 149, 0, 1230.061111
61, 88, 149, 0, 1230.967627
62, 87, 149, 0, 1231.256777
63, 86, 149, 0, 1229.779844
64, 85, 149, 0, 1227.683354
65, 84, 149, 0, 1223.262480
66, 83, 149, 0, 1218.685483
67, 82, 149, 0, 1211.854995
68, 81, 149, 0, 1203.168414
56, 94, 150, 1, 1216.776075
57, 93, 150, -1, 1222.415085
58, 92, 150, 1, 1230.168450
59, 91, 150, -1, 1232.839740
60, 90, 150, 1, 1237.436835
61, 89, 150, -1, 1236.571875
62, 88, 150, 1, 1239.243525
63, 87, 150, -1, 1236.202215
64, 86, 150, 1, 1236.391545
65, 85, 150, -1, 1230.950940
66, 84, 150, 1, 1228.372425
67, 83, 150, -1, 1220.226345
68, 82, 150, 1, 1215.329430
57, 94, 151, 0, 1227.485584
58, 93, 151, 0, 1234.617963
59, 92, 151, 0, 1239.390242
60, 91, 151, 0, 1242.771389
61, 90, 151, 0, 1244.432117
62, 89, 151, 0, 1244.839999
63, 88, 151, 0, 1244.134270
64, 87, 151, 0, 1242.887735
65, 86, 151, 0, 1239.540019
66, 85, 151, 0, 1235.886514
67, 84, 151, 0, 1229.974532
68, 83, 151, 0, 1223.835717
69, 82, 151, 0, 1215.558698
70, 81, 151, 0, 1205.547096
59, 93, 152, -1, 1244.439945
60, 92, 152, 1, 1250.049186
61, 91, 152, -1, 1250.371654
62, 90, 152, 1, 1253.097804
63, 89, 152, -1, 1250.440981
64, 88, 152, 1, 1251.477438
65, 87, 152, -1, 1246.705094
66, 86, 152, 1, 1245.323399
67, 85, 152, -1, 1238.027734
68, 84, 152, 1, 1234.140972
69, 83, 152, -1, 1224.578682
70, 82, 152, 1, 1218.346439
59, 94, 153, 0, 1250.321676
60, 93, 153, 0, 1255.301230
61, 92, 153, 0, 1257.836501
62, 91, 153, 0, 1258.966207
63, 90, 153, 0, 1258.991268
64, 89, 153, 0, 1257.724398
65, 88, 153, 0, 1255.372711
66, 87, 153, 0, 1252.419964
67, 86, 153, 0, 1247.506492
68, 85, 153, 0, 1242.178756
69, 84, 153, 0, 1234.902336
71, 82, 153, 0, 1217.740495
59, 95, 154, -1, 1254.684108
60, 94, 154, 1, 1261.621761
61, 93, 154, -1, 1263.526418
62, 92, 154, 1, 1266.933037
63, 91, 154, -1, 1265.433492
64, 90, 154, 1, 1266.619138
65, 89, 154, -1, 1262.287134
66, 88, 154, 1, 1261.742097
67, 87, 154, -1, 1255.205105
68, 86, 154, 1, 1252.388353
69, 85, 154, -1, 1243.428186
70, 84, 154, 1, 1238.150791
59, 96, 155, 0, 1260.311169
60, 95, 155, 0, 1266.397275
61, 94, 155, 0, 1270.271143
62, 93, 155, 0, 1272.739999
63, 92, 155, 0, 1273.584780
64, 91, 155, 0, 1273.054386
65, 90, 155, 0, 1271.452182
66, 89, 155, 0, 1268.575335
67, 88, 155, 0, 1264.676852
68, 87, 155, 0, 1260.063882
69, 86, 155, 0, 1253.698280
70, 85, 155, 0, 1246.792627
71, 84, 155, 0, 1238.052719
59, 97, 156, -1, 1264.416457
60, 96, 156, 1, 1272.386934
61, 95, 156, -1, 1275.569303
62, 94, 156, 1, 1279.980842
63, 93, 156, -1, 1279.920595
64, 92, 156, 1, 1281.590747
65, 91, 156, -1, 1278.364074
66, 90, 156, 1, 1278.020110
67, 89, 156, -1, 1272.246768
68, 88, 156, 1, 1270.137710
69, 87, 156, -1, 1261.978099
70, 86, 156, 1, 1257.626869
71, 85, 156, -1, 1247.278531
72, 84, 156, 1, 1240.616146
59, 98, 157, 0, 1269.473269
60, 97, 157, 0, 1276.750235
61, 96, 157, 0, 1281.770891
62, 95, 157, 0, 1285.369079
63, 94, 157, 0, 1287.368207
64, 93, 157, 0, 1287.950630
65, 92, 157, 0, 1287.108231
66, 91, 157, 0, 1284.986706
67, 90, 157, 0, 1281.612556
68, 89, 157, 0, 1277.410985
69, 88, 157, 0, 1271.924275
70, 87, 157, 0, 1265.852551
71, 86, 157, 0, 1258.090110
73, 84, 157, 0, 1239.681546
60, 98, 158, 1, 1282.162558
61, 97, 158, -1, 1286.651228
62, 96, 158, 1, 1292.014585
63, 95, 158, -1, 1293.250856
64, 94, 158, 1, 1295.888018
65, 93, 158, -1, 1293.886585
66, 92, 158, 1, 1294.040508
67, 91, 158, -1, 1289.038402
68, 90, 158, 1, 1287.372466
69, 89, 158, -1, 1279.989505
70, 88, 158, 1, 1276.513584
71, 87, 158, -1, 1266.933823
72, 86, 158, 1, 1261.041671
60, 99, 159, 0, 1286.122762
61, 98, 159, 0, 1292.170756
62, 97, 159, 0, 1297.041912
63, 96, 159, 0, 1300.095093
64, 95, 159, 0, 1301.831214
65, 94, 159, 0, 1302.019597
66, 93, 159, 0, 1300.871888
67, 92, 159, 0, 1298.251949
68, 91, 159, 0, 1294.701098
69, 90, 159, 0, 1289.928029
70, 89, 159, 0, 1284.408805
71, 88, 159, 0, 1277.501543
72, 87, 159, 0, 1269.863199
73, 86, 159, 0, 1260.667402
60, 100, 160, 1, 1291.194592
61, 99, 160, -1, 1296.582368
62, 98, 160, 1, 1303.138544
63, 97, 160, -1, 1305.616480
64, 96, 160, 1, 1309.282736
65, 95, 160, -1, 1308.394816
66, 94, 160, 1, 1309.448416
67, 93, 160, -1, 1305.376064
68, 92, 160, 1, 1304.275472
69, 91, 160, -1, 1297.729984
70, 90, 160, 1, 1294.809824
71, 89, 160, -1, 1286.134192
72, 88, 160, 1, 1281.020656
73, 87, 160, -1, 1270.123264
74, 86, 160, 1, 1262.846288
61, 100, 161, 0, 1301.845630
62, 99, 161, 0, 1307.648730
63, 98, 161, 0, 1311.985941
64, 97, 161, 0, 1314.918137
65, 96, 161, 0, 1316.091425
66, 95, 161, 0, 1315.902797
67, 94, 161, 0, 1314.261257
68, 93, 161, 0, 1311.483911
69, 92, 161, 0, 1307.398987
70, 91, 161, 0, 1302.552162
71, 90, 161, 0, 1296.497918
72, 89, 161, 0, 1289.469045
73, 88, 161, 0, 1281.149450
75, 86, 161, 0, 1261.649001
62, 100, 162, 1, 1313.427069
63, 99, 162, -1, 1316.988607
64, 98, 162, 1, 1321.764043
65, 97, 162, -1, 1322.580523
66, 96, 162, 1, 1324.099791
67, 95, 162, -1, 1321.176841
68, 94, 162, 1, 1320.688136
69, 93, 162, -1, 1315.049062
70, 92, 162, 1, 1312.610395
71, 91, 162, -1, 1304.838655
72, 90, 162, 1, 1300.392970
73, 89, 162, -1, 1290.223598
74, 88, 162, 1, 1283.659067
62, 101, 163, 0, 1317.718944
63, 100, 163, 0, 1322.910804
64, 99, 163, 0, 1326.943228
65, 98, 163, 0, 1329.368049
66, 97, 163, 0, 1330.370792
67, 96, 163, 0, 1329.585621
68, 95, 163, 0, 1327.592669
69, 94, 163, 0, 1324.371316
70, 93, 163, 0, 1320.154425
71, 92, 163, 0, 1314.869622
72, 91, 163, 0, 1308.565174
73, 90, 163, 0, 1301.048152
74, 89, 163, 0, 1292.639601
75, 88, 163, 0, 1282.951076
62, 102, 164, 1, 1323.115969
63, 101, 164, -1, 1327.640450
64, 100, 164, 1, 1333.319639
65, 99, 164, -1, 1334.948586
66, 98, 164, 1, 1338.028916
67, 97, 164, -1, 1336.259438
68, 96, 164, 1, 1336.439132
69, 95, 164, -1, 1331.623158
70, 94, 164, 1, 1329.944044
71, 93, 164, -1, 1322.791905
72, 92, 164, 1, 1319.185529
73, 91, 164, -1, 1309.867639
74, 90, 164, 1, 1304.038046
75, 89, 164, -1, 1292.492577
76, 88, 164, 1, 1284.662512
63, 102, 165, 0, 1333.208729
64, 101, 165, 0, 1338.223062
65, 100, 165, 0, 1341.503773
66, 99, 165, 0, 1343.744870
67, 98, 165, 0, 1344.248251
68, 97, 165, 0, 1343.089242
69, 96, 165, 0, 1340.715569
70, 95, 165, 0, 1337.298583
71, 94, 165, 0, 1332.663090
72, 93, 165, 0, 1327.074012
73, 92, 165, 0, 1320.504025
74, 91, 165, 0, 1312.735116
75, 90, 165, 0, 1303.750816
64, 102, 166, 1, 1344.139516
65, 101, 166, -1, 1346.795018
66, 100, 166, 1, 1350.788364
67, 99, 166, -1, 1350.491888
68, 98, 166, 1, 1351.563351
69, 97, 166, -1, 1347.743326
70, 96, 166, 1, 1346.668211
71, 95, 166, -1, 1340.313150
72, 94, 166, 1, 1337.368808
73, 93, 166, -1, 1328.825252
74, 92, 166, 1, 1323.832587
75, 91, 166, -1, 1313.000107
76, 90, 166, 1, 1305.811959
64, 103, 167, 0, 1348.615648
65, 102, 167, 0, 1352.940647
66, 101, 167, 0, 1356.186659
67, 100, 167, 0, 1357.772324
68, 99, 167, 0, 1357.999778
69, 98, 167, 0, 1356.471294
70, 97, 167, 0, 1353.735734
71, 96, 167, 0, 1349.889757
72, 95, 167, 0, 1345.048895
73, 94, 167, 0, 1339.149854
74, 93, 167, 0, 1332.109651
76, 91, 167, 0, 1314.950602
77, 90, 167, 0, 1304.741842
65, 103, 168, -1, 1357.910064
66, 102, 168, 1, 1362.904922
67, 101, 168, -1, 1363.623425
68, 100, 168, 1, 1365.771070
69, 99, 168, -1, 1363.311869
70, 98, 168, 1, 1362.797016
71, 97, 168, -1, 1357.507637
72, 96, 168, 1, 1355.013005
73, 95, 168, -1, 1347.264022
74, 94, 168, 1, 1342.980694
75, 93, 168, -1, 1333.100294
76, 92, 168, 1, 1326.518054
77, 91, 168, -1, 1314.406951
78, 90, 168, 1, 1305.968446
66, 103, 169, 0, 1368.013865
67, 102, 169, 0, 1370.431512
68, 101, 169, 0, 1371.774318
69, 100, 169, 0, 1371.345464
70, 99, 169, 0, 1369.663981
71, 98, 169, 0, 1366.588638
72, 97, 169, 0, 1362.440668
73, 96, 169, 0, 1357.231851
74, 95, 169, 0, 1351.076939
75, 94, 169, 0, 1343.785975
76, 93, 169, 0, 1335.317368
77, 92, 169, 0, 1325.905454
67, 103, 170, -1, 1375.944334
68, 102, 170, 1, 1379.031993
69, 101, 170, -1, 1377.937448
70, 100, 170, 1, 1378.123717
71, 99, 170, -1, 1373.883662
72, 98, 170, 1, 1372.048954
73, 97, 170, -1, 1365.150405
74, 96, 170, 1, 1361.521194
75, 95, 170, -1, 1352.352040
76, 94, 170, 1, 1346.591386
78, 92, 170, 1, 1327.400205
67, 104, 171, 0, 1382.295959
68, 103, 171, 0, 1384.713608
69, 102, 171, 0, 1385.423720
70, 101, 171, 0, 1384.737925
71, 100, 171, 0, 1382.477219
72, 99, 171, 0, 1379.297748
73, 98, 171, 0, 1374.804329
74, 97, 171, 0, 1369.387802
75, 96, 171, 0, 1362.769640
76, 95, 171, 0, 1355.034250
77, 94, 171, 0, 1346.366704
78, 93, 171, 0, 1336.638891
79, 92, 171, 0, 1325.952280
68, 104, 172, 1, 1391.549694
69, 103, 172, -1, 1391.658312
70, 102, 172, 1, 1392.757874
71, 101, 172, -1, 1389.456145
72, 100, 172, 1, 1388.339951
73, 99, 172, -1, 1382.485363
74, 98, 172, 1, 1379.470220
75, 97, 172, -1, 1371.157512
76, 96, 172, 1, 1366.051967
77, 95, 172, -1, 1355.405356
78, 94, 172, 1, 1348.350312
79, 93, 172, -1, 1335.779296
80, 92, 172, 1, 1326.740301
69, 104, 173, 0, 1398.612151
70, 103, 173, 0, 1399.124975
71, 102, 173, 0, 1397.672398
72, 101, 173, 0, 1395.420837
73, 100, 173, 0, 1391.623245
74, 99, 173, 0, 1387.171730
75, 98, 173, 0, 1381.215876
76, 97, 173, 0, 1374.317899
77, 96, 173, 0, 1366.365764
78, 95, 173, 0, 1357.251709
79, 94, 173, 0, 1347.364620
69, 105, 174, -1, 1404.291917
70, 104, 174, 1, 1406.589569
71, 103, 174, -1, 1404.432996
72, 102, 174, 1, 1403.924933
73, 101, 174, -1, 1399.038787
74, 100, 174, 1, 1396.742753
75, 99, 174, -1, 1389.406426
76, 98, 174, 1, 1384.946353
77, 97, 174, -1, 1374.954560
78, 96, 174, 1, 1368.703888
80, 94, 174, 1, 1348.462607
69, 106, 175, 0, 1410.809278
70, 105, 175, 0, 1412.411928
71, 104, 175, 0, 1412.099710
72, 103, 175, 0, 1410.633437
73, 102, 175, 0, 1407.777980
74, 101, 175, 0, 1404.219775
75, 100, 175, 0, 1399.092940
76, 99, 175, 0, 1393.127645
77, 98, 175, 0, 1385.634460
78, 97, 175, 0, 1377.166280
79, 96, 175, 0, 1368.078932
80, 95, 175, 0, 1357.862345
69, 107, 176, -1, 1415.941366
70, 106, 176, 1, 1419.279013
71, 105, 176, -1, 1418.387678
72, 104, 176, 1, 1418.799430
73, 103, 176, -1, 1414.806026
74, 102, 176, 1, 1413.299906
75, 101, 176, -1, 1406.938843
76, 100, 176, 1, 1403.224786
77, 99, 176, -1, 1394.193187
78, 98, 176, 1, 1388.462838
79, 97, 176, -1, 1377.267531
80, 96, 176, 1, 1369.748864
81, 95, 176, -1, 1356.597141
70, 107, 177, 0, 1424.845416
71, 106, 177, 0, 1425.460561
72, 105, 177, 0, 1425.175061
73, 104, 177, 0, 1423.226715
74, 103, 177, 0, 1420.431354
75, 102, 177, 0, 1416.216453
76, 101, 177, 0, 1411.121367
77, 100, 177, 0, 1404.430006
78, 99, 177, 0, 1396.970659
79, 98, 177, 0, 1388.363627
80, 97, 177, 0, 1378.811362
81, 96, 177, 0, 1368.593293
70, 108, 178, 1, 1431.607471
71, 107, 178, -1, 1431.485861
72, 106, 178, 1, 1432.800996
74, 104, 178, 1, 1429.207995
75, 103, 178, -1, 1423.672053
76, 102, 178, 1, 1420.780478
77, 101, 178, -1, 1412.708214
78, 100, 178, 1, 1407.669034
79, 99, 178, -1, 1397.192239
80, 98, 178, 1, 1390.422205
82, 96, 178, 1, 1368.968790
71, 108, 179, 0, 1438.278318
72, 107, 179, 0, 1438.899985
73, 106, 179, 0, 1438.012055
74, 105, 179, 0, 1436.167496
75, 104, 179, 0, 1432.674221
76, 103, 179, 0, 1428.327708
77, 102, 179, 0, 1422.606939
78, 101, 179, 0, 1416.010986
79, 100, 179, 0, 1407.949095
80, 99, 179, 0, 1399.111095
81, 98, 179, 0, 1389.665462
82, 97, 179, 0, 1378.561877
71, 109, 180, -1, 1443.967092
72, 108, 180, 1, 1446.287742
73, 107, 180, -1, 1444.659552
74, 106, 180, 1, 1444.579812
75, 105, 180, -1, 1439.998596
76, 104, 180, 1, 1437.735078
77, 103, 180, -1, 1430.574066
78, 102, 180, 1, 1426.244058
79, 101, 180, -1, 1416.657492
80, 100, 180, 1, 1410.499998
81, 99, 180, -1, 1398.857580
82, 98, 180, 1, 1390.625874
71, 110, 181, 0, 1450.159348
72, 109, 181, 0, 1451.982543
73, 108, 181, 0, 1452.236305
74, 107, 181, 0, 1451.248841
75, 106, 181, 0, 1448.749955
76, 105, 181, 0, 1445.000160
77, 104, 181, 0, 1440.130880
78, 103, 181, 0, 1434.267005
79, 102, 181, 0, 1426.974298
80, 101, 181, 0, 1418.981935
81, 100, 181, 0, 1410.337212
82, 99, 181, 0, 1399.866742
72, 110, 182, 1, 1458.700534
73, 109, 182, -1, 1458.299242
74, 108, 182, 1, 1459.332347
75, 107, 182, -1, 1455.750005
76, 106, 182, 1, 1454.130623
77, 105, 182, -1, 1447.790854
78, 104, 182, 1, 1444.125246
79, 103, 182, -1, 1435.478444
80, 102, 182, 1, 1429.969013
81, 101, 182, -1, 1418.936992
82, 100, 182, 1, 1411.651987
71, 112, 183, 0, 1461.220687
72, 111, 183, 0, 1464.005764
73, 110, 183, 0, 1465.233420
74, 109, 183, 0, 1465.523182
75, 108, 183, 0, 1464.184848
76, 107, 183, 0, 1461.256592
77, 106, 183, 0, 1457.012621
78, 105, 183, 0, 1451.801330
79, 104, 183, 0, 1445.437285
80, 103, 183, 0, 1438.268096
81, 102, 183, 0, 1430.268360
82, 101, 183, 0, 1420.478757
72, 112, 184, 1, 1470.292995
73, 111, 184, -1, 1470.850644
74, 110, 184, 1, 1472.934297
75, 109, 184, -1, 1470.666313
76, 108, 184, 1, 1469.916715
77, 107, 184, -1, 1464.492653
78, 106, 184, 1, 1461.431942
79, 105, 184, -1, 1453.635825
80, 104, 184, 1, 1448.879554
81, 103, 184, -1, 1438.635777
82, 102, 184, 1, 1432.021658
72, 113, 185, 0, 1475.184653
73, 112, 185, 0, 1477.476878
74, 111, 185, 0, 1478.688036
75, 110, 185, 0, 1478.336869
76, 109, 185, 0, 1476.541369
77, 108, 185, 0, 1473.288681
78, 107, 185, 0, 1468.858911
79, 106, 185, 0, 1463.246585
80, 105, 185, 0, 1456.789734
81, 104, 185, 0, 1449.581486
82, 103, 185, 0, 1440.582605
72, 114, 186, 1, 1481.360395
73, 113, 186, -1, 1482.761440
74, 112, 186, 1, 1485.880084
75, 111, 186, -1, 1484.516462
76, 110, 186, 1, 1484.806826
77, 109, 186, -1, 1480.196798
78, 108, 186, 1, 1478.106548
79, 107, 186, -1, 1471.174607
80, 106, 186, 1, 1467.216453
81, 105, 186, -1, 1457.777995
82, 104, 186, 1, 1451.793612
83, 103, 186, -1, 1439.475855
84, 102, 186, 1, 1431.446477
73, 114, 187, 0, 1489.120700
74, 113, 187, 0, 1491.346842
75, 112, 187, 0, 1491.877005
76, 111, 187, 0, 1491.097122
77, 110, 187, 0, 1488.645140
78, 109, 187, 0, 1484.998771
79, 108, 187, 0, 1480.559840
80, 107, 187, 0, 1474.867224
81, 106, 187, 0, 1468.410955
82, 105, 187, 0, 1460.170987
83, 104, 187, 0, 1450.784952
84, 103, 187, 0, 1440.795524
74, 114, 188, 1, 1498.182002
75, 113, 188, -1, 1497.748643
76, 112, 188, 1, 1499.086733
77, 111, 188, -1, 1495.512026
78, 110, 188, 1, 1494.205708
79, 109, 188, -1, 1487.973696
80, 108, 188, 1, 1485.018392
81, 107, 188, -1, 1476.374096
82, 106, 188, 1, 1471.066367
83, 105, 188, -1, 1459.667795
84, 104, 188, 1, 1452.235027
75, 114, 189, 0, 1504.782185
76, 113, 189, 0, 1505.007548
77, 112, 189, 0, 1503.688045
78, 111, 189, 0, 1500.925451
79, 110, 189, 0, 1497.255656
80, 109, 189, 0, 1492.517729
81, 108, 189, 0, 1486.725106
82, 107, 189, 0, 1479.170681
83, 106, 189, 0, 1470.608981
84, 105, 189, 0, 1461.183967
74, 116, 190, 1, 1510.025589
75, 115, 190, -1, 1510.457421
76, 114, 190, 1, 1512.799893
77, 113, 190, -1, 1510.063323
78, 112, 190, 1, 1509.833879
79, 111, 190, -1, 1504.578555
80, 110, 190, 1, 1502.333306
81, 109, 190, -1, 1494.546555
82, 108, 190, 1, 1489.814586
83, 107, 190, -1, 1479.211541
84, 106, 190, 1, 1472.395994
74, 117, 191, 0, 1514.904257
75, 116, 191, 0, 1517.296131
76, 115, 191, 0, 1518.558622
77, 114, 191, 0, 1518.089850
78, 113, 191, 0, 1516.297029
79, 112, 191, 0, 1513.614243
80, 111, 191, 0, 1509.625838
81, 110, 191, 0, 1504.534600
82, 109, 191, 0, 1497.760536
83, 108, 191, 0, 1489.926308
84, 107, 191, 0, 1480.973336
85, 106, 191, 0, 1471.258350
75, 117, 192, -1, 1522.605869
76, 116, 192, 1, 1526.116992
77, 115, 192, -1, 1524.287981
78, 114, 192, 1, 1524.958522
79, 113, 192, -1, 1520.659834
80, 112, 192, 1, 1519.116787
81, 111, 192, -1, 1512.195206
82, 110, 192, 1, 1508.092454
83, 109, 192, -1, 1498.292813
84, 108, 192, 1, 1492.042406
85, 107, 192, -1, 1480.267834
75, 118, 193, 0, 1529.319995
76, 117, 193, 0, 1531.700419
77, 116, 193, 0, 1532.059978
78, 115, 193, 0, 1531.220988
79, 114, 193, 0, 1529.363806
80, 113, 193, 0, 1526.238789
81, 112, 193, 0, 1521.871488
82, 111, 193, 0, 1515.841184
83, 110, 193, 0, 1508.714157
84, 109, 193, 0, 1500.372543
85, 108, 193, 0, 1491.332211
86, 107, 193, 0, 1481.439629
76, 118, 194, 1, 1538.812501
77, 117, 194, -1, 1538.126769
78, 116, 194, 1, 1539.572748
79, 115, 194, -1, 1536.242234
80, 114, 194, 1, 1535.431896
81, 113, 194, -1, 1529.403093
82, 112, 194, 1, 1525.891111
83, 111, 194, -1, 1516.923927
84, 110, 194, 1, 1511.123172
85, 109, 194, -1, 1500.052698
86, 108, 194, 1, 1492.829243
76, 119, 195, 0, 1543.960255
77, 118, 195, 0, 1545.358620
78, 117, 195, 0, 1545.677835
79, 116, 195, 0, 1544.668671
80, 115, 195, 0, 1542.332610
81, 114, 195, 0, 1538.692213
82, 113, 195, 0, 1533.492616
83, 112, 195, 0, 1526.997790
84, 111, 195, 0, 1519.306523
85, 110, 195, 0, 1510.877823
86, 109, 195, 0, 1501.574900
76, 120, 196, 1, 1550.797100
77, 119, 196, -1, 1551.173145
78, 118, 196, 1, 1553.599821
79, 117, 196, -1, 1551.311639
80, 116, 196, 1, 1551.216520
81, 115, 196, -1, 1546.104840
82, 114, 196, 1, 1543.174130
83, 113, 196, -1, 1535.052576
84, 112, 196, 1, 1529.729922
85, 111, 196, -1, 1519.392020
86, 110, 196, 1, 1512.721336
77, 120, 197, 0, 1558.073059
78, 119, 197, 0, 1559.446366
79, 118, 197, 0, 1559.383996
80, 117, 197, 0, 1558.002119
81, 116, 197, 0, 1555.033782
82, 115, 197, 0, 1550.642593
83, 114, 197, 0, 1544.802056
84, 113, 197, 0, 1537.725579
85, 112, 197, 0, 1529.905428
86, 111, 197, 0, 1521.257443
87, 110, 197, 0, 1511.731508
78, 120, 198, 1, 1567.001938
79, 119, 198, -1, 1565.896365
80, 118, 198, 1, 1566.487534
81, 117, 198, -1, 1562.279618
82, 116, 198, 1, 1560.035961
83, 115, 198, -1, 1552.560035
84, 114, 198, 1, 1547.877098
85, 113, 198, -1, 1538.330231
86, 112, 198, 1, 1532.069451
87, 111, 198, -1, 1520.479085
77, 122, 199, 0, 1570.350113
78, 121, 199, 0, 1572.557919
79, 120, 199, 0, 1573.480642
80, 119, 199, 0, 1573.150601
81, 118, 199, 0, 1570.881583
82, 117, 199, 0, 1567.271583
83, 116, 199, 0, 1562.055117
84, 115, 199, 0, 1555.713982
85, 114, 199, 0, 1548.516172
86, 113, 199, 0, 1540.470303
87, 112, 199, 0, 1531.356720
78, 122, 200, 1, 1579.839720
79, 121, 200, -1, 1579.698300
80, 120, 200, 1, 1581.179120
81, 119, 200, -1, 1577.940740
82, 118, 200, 1, 1576.362020
83, 117, 200, -1, 1569.699380
84, 116, 200, 1, 1565.488140
85, 115, 200, -1, 1556.752020
86, 114, 200, 1, 1550.982220
87, 113, 200, -1, 1540.065840
78, 123, 201, 0, 1585.052574
79, 122, 201, 0, 1586.930215
80, 121, 201, 0, 1587.409701
81, 120, 201, 0, 1586.145612
82, 119, 201, 0, 1583.453518
83, 118, 201, 0, 1578.829131
84, 117, 201, 0, 1573.138942
85, 116, 201, 0, 1566.624874
86, 115, 201, 0, 1559.160497
87, 114, 201, 0, 1550.682177
88, 113, 201, 0, 1541.551571
78, 124, 202, 1, 1592.075302
79, 123, 202, -1, 1592.953820
80, 122, 202, 1, 1595.163801
81, 121, 202, -1, 1593.016561
82, 120, 202, 1, 1592.194401
83, 119, 202, -1, 1586.222311
84, 118, 202, 1, 1582.630671
85, 117, 202, -1, 1574.501867
86, 116, 202, 1, 1569.398964
87, 115, 202, -1, 1559.240525
88, 114, 202, 1, 1552.484817
79, 124, 203, 0, 1599.815595
80, 123, 203, 0, 1601.159008
81, 122, 203, 0, 1600.868759
82, 121, 203, 0, 1599.111591
83, 120, 203, 0, 1595.067669
84, 119, 203, 0, 1590.071230
85, 118, 203, 0, 1584.140686
86, 117, 203, 0, 1577.379771
87, 116, 203, 0, 1569.536968
88, 115, 203, 0, 1561.029704
80, 124, 204, 1, 1608.651282
81, 123, 204, -1, 1607.524855
82, 122, 204, 1, 1607.506250
83, 121, 204, -1, 1602.260003
84, 120, 204, 1, 1599.172789
85, 119, 204, -1, 1591.924649
86, 118, 204, 1, 1587.237157
87, 117, 204, -1, 1577.877392
88, 116, 204, 1, 1571.641255
80, 125, 205, 0, 1614.320163
81, 124, 205, 0, 1615.070893
82, 123, 205, 0, 1614.237916
83, 122, 205, 0, 1610.750969
84, 121, 205, 0, 1606.424444
85, 120, 205, 0, 1601.105227
86, 119, 205, 0, 1595.048133
87, 118, 205, 0, 1587.865835
88, 117, 205, 0, 1579.969809
89, 116, 205, 0, 1570.884639
80, 126, 206, 1, 1621.049494
81, 125, 206, -1, 1621.574711
82, 124, 206, 1, 1622.324572
83, 123, 206, -1, 1617.784929
84, 122, 206, 1, 1615.163044
85, 121, 206, -1, 1608.631422
86, 120, 206, 1, 1604.542590
87, 119, 206, -1, 1595.874193
88, 118, 206, 1, 1590.279377
89, 117, 206, -1, 1579.577883
80, 127, 207, 0, 1624.662518
81, 126, 207, 0, 1628.427165
82, 125, 207, 0, 1629.062345
83, 124, 207, 0, 1625.882597
84, 123, 207, 0, 1622.191394
85, 122, 207, 0, 1617.490817
86, 121, 207, 0, 1612.115731
87, 120, 207, 0, 1605.547662
88, 119, 207, 0, 1598.402312
89, 118, 207, 0, 1589.987721
80, 128, 208, 1, 1629.511811
81, 127, 208, -1, 1632.214168
82, 126, 208, 1, 1636.430224
83, 125, 208, -1, 1632.769507
84, 124, 208, 1, 1630.586214
85, 123, 208, -1, 1624.804563
86, 122, 208, 1, 1621.207702
87, 121, 208, -1, 1613.434888
88, 120, 208, 1, 1608.259682
89, 119, 208, -1, 1598.444411
90, 118, 208, 1, 1591.734893
81, 128, 209, 0, 1637.180161
82, 127, 209, 0, 1640.367599
83, 126, 209, 0, 1640.229262
84, 125, 209, 0, 1637.554334
85, 124, 209, 0, 1633.289751
86, 123, 209, 0, 1628.564680
87, 122, 209, 0, 1622.623436
88, 121, 209, 0, 1616.200699
89, 120, 209, 0, 1608.431710
81, 129, 210, -1, 1640.853690
82, 128, 210, 1, 1645.552776
83, 127, 210, -1, 1644.833904
84, 126, 210, 1, 1645.212702
85, 125, 210, -1, 1640.449398
86, 124, 210, 1, 1637.299713
87, 123, 210, -1, 1630.256103
88, 122, 210, 1, 1625.687427
89, 121, 210, -1, 1616.583822
90, 120, 210, 1, 1610.506044
81, 130, 211, 0, 1645.756007
82, 129, 211, 0, 1649.388667
83, 128, 211, 0, 1649.972420
84, 127, 211, 0, 1649.763466
85, 126, 211, 0, 1648.195800
86, 125, 211, 0, 1644.521593
87, 124, 211, 0, 1639.124234
88, 123, 211, 0, 1633.369716
89, 122, 211, 0, 1626.275748
90, 121, 211, 0, 1618.760477
91, 120, 211, 0, 1609.802303
82, 130, 212, 1, 1654.515904
83, 129, 212, -1, 1654.302568
84, 128, 212, 1, 1655.771686
85, 127, 212, -1, 1653.248080
86, 126, 212, 1, 1652.496816
87, 125, 212, -1, 1646.571246
88, 124, 212, 1, 1642.471654
89, 123, 212, -1, 1634.190955
90, 122, 212, 1, 1628.597314
91, 121, 212, -1, 1618.329327
81, 132, 213, 0, 1654.036824
82, 131, 213, 0, 1658.241892
83, 130, 213, 0, 1659.487622
84, 129, 213, 0, 1660.127112
85, 128, 213, 0, 1659.270767
86, 127, 213, 0, 1657.604851
87, 126, 213, 0, 1654.680766
88, 125, 213, 0, 1649.998664
89, 124, 213, 0, 1643.420840
90, 123, 213, 0, 1636.659411
91, 122, 213, 0, 1628.342975
82, 132, 214, 1, 1663.292637
83, 131, 214, -1, 1663.528037
84, 130, 214, 1, 1666.014888
85, 129, 214, -1, 1664.141725
86, 128, 214, 1, 1664.299892
87, 127, 214, -1, 1660.156210
88, 126, 214, 1, 1658.322787
89, 125, 214, -1, 1651.199904
90, 124, 214, 1, 1646.155902
91, 123, 214, -1, 1636.608592
82, 133, 215, 0, 1666.838691
83, 132, 215, 0, 1668.769305
84, 131, 215, 0, 1670.158012
85, 130, 215, 0, 1670.090480
86, 129, 215, 0, 1669.220526
87, 128, 215, 0, 1666.951050
88, 127, 215, 0, 1663.954853
89, 126, 215, 0, 1659.673945
90, 125, 215, 0, 1654.000719
91, 124, 215, 0, 1646.335259
92, 123, 215, 0, 1638.468152
83, 133, 216, -1, 1672.595914
84, 132, 216, 1, 1675.905228
85, 131, 216, -1, 1674.648518
86, 130, 216, 1, 1675.869545
87, 129, 216, -1, 1672.369481
88, 128, 216, 1, 1671.266693
89, 127, 216, -1, 1665.626090
90, 126, 216, 1, 1662.694927
91, 125, 216, -1, 1654.387330
92, 124, 216, 1, 1648.362355
83, 134, 217, 0, 1677.811255
84, 133, 217, 0, 1679.875424
85, 132, 217, 0, 1680.581932
86, 131, 217, 0, 1680.535603
87, 130, 217, 0, 1679.097175
88, 129, 217, 0, 1676.739947
89, 128, 217, 0, 1673.144822
90, 127, 217, 0, 1668.859007
91, 126, 217, 0, 1663.227705
83, 135, 218, -1, 1681.396504
84, 134, 218, 1, 1685.473540
85, 133, 218, -1, 1684.947615
86, 132, 218, 1, 1687.048089
87, 131, 218, -1, 1684.423717
88, 130, 218, 1, 1684.055254
89, 129, 218, -1, 1679.067610
90, 128, 218, 1, 1676.769367
91, 127, 218, -1, 1669.704183
92, 126, 218, 1, 1665.676764
84, 135, 219, 0, 1689.220146
85, 134, 219, 0, 1690.723143
86, 133, 219, 0, 1691.507470
87, 132, 219, 0, 1690.937522
88, 131, 219, 0, 1689.378264
89, 130, 219, 0, 1686.420209
90, 129, 219, 0, 1682.744645
91, 128, 219, 0, 1677.841848
92, 127, 219, 0, 1672.346787
93, 126, 219, 0, 1665.423431
84, 136, 220, 1, 1694.709368
85, 135, 220, -1, 1694.814726
86, 134, 220, 1, 1697.796144
87, 133, 220, -1, 1696.143460
88, 132, 220, 1, 1696.571338
89, 131, 220, -1, 1692.317330
90, 130, 220, 1, 1690.589208
91, 129, 220, -1, 1684.218008
93, 127, 220, -1, 1672.456676
84, 137, 221, 0, 1698.270389
85, 136, 221, 0, 1700.479063
86, 135, 221, 0, 1702.008096
87, 134, 221, 0, 1702.419841
88, 133, 221, 0, 1701.950879
89, 132, 221, 0, 1699.601362
90, 131, 221, 0, 1696.410144
91, 130, 221, 0, 1692.192779
92, 129, 221, 0, 1687.265363
84, 138, 222, 1, 1703.629199
85, 137, 222, -1, 1704.380092
86, 136, 222, 1, 1708.178800
87, 135, 222, -1, 1707.390323
88, 134, 222, 1, 1708.665868
89, 133, 222, -1, 1705.581933
90, 132, 222, 1, 1704.218342
91, 131, 222, -1, 1698.574681
92, 130, 222, 1, 1695.583852
93, 129, 222, -1, 1687.799689
85, 138, 223, 0, 1709.976421
86, 137, 223, 0, 1712.232356
87, 136, 223, 0, 1713.457406
88, 135, 223, 0, 1713.824152
89, 134, 223, 0, 1712.449982
90, 133, 223, 0, 1710.107300
91, 132, 223, 0, 1706.372741
92, 131, 223, 0, 1701.882725
93, 130, 223, 0, 1696.487084
85, 139, 224, -1, 1713.764730
86, 138, 224, 1, 1718.248314
87, 137, 224, -1, 1718.162432
88, 136, 224, 1, 1720.302886
89, 135, 224, -1, 1718.112211
90, 134, 224, 1, 1717.568429
91, 133, 224, -1, 1712.919309
92, 132, 224, 1, 1710.256621
93, 131, 224, -1, 1703.184717
86, 139, 225, 0, 1722.230573
87, 138, 225, 0, 1724.161770
88, 137, 225, 0, 1725.206985
89, 136, 225, 0, 1724.780385
90, 135, 225, 0, 1723.325152
91, 134, 225, 0, 1720.496340
92, 133, 225, 0, 1716.698633
93, 132, 225, 0, 1711.670198
86, 140, 226, 1, 1728.088841
87, 139, 226, -1, 1728.533157
88, 138, 226, 1, 1731.603774
89, 137, 226, -1, 1730.179793
90, 136, 226, 1, 1730.509007
91, 135, 226, -1, 1726.890702
92, 134, 226, 1, 1724.813152
93, 133, 226, -1, 1718.542736
86, 141, 227, 0, 1732.021532
87, 140, 227, 0, 1734.442577
88, 139, 227, 0, 1736.165190
89, 138, 227, 0, 1736.710807
90, 137, 227, 0, 1735.973216
91, 136, 227, 0, 1734.165252
92, 135, 227, 0, 1731.168239
93, 134, 227, 0, 1726.851902
86, 142, 228, 1, 1737.735220
87, 141, 228, -1, 1738.812109
88, 140, 228, 1, 1742.473789
89, 139, 228, -1, 1741.736984
90, 138, 228, 1, 1743.078400
91, 137, 228, -1, 1740.143333
92, 136, 228, 1, 1739.064596
94, 134, 228, 1, 1730.612089
86, 143, 229, 0, 1741.687598
87, 142, 229, 0, 1744.599402
88, 141, 229, 0, 1746.923340
89, 140, 229, 0, 1748.013013
90, 139, 229, 0, 1748.335079
91, 138, 229, 0, 1747.241421
92, 137, 229, 0, 1745.145292
93, 136, 229, 0, 1741.772191
94, 135, 229, 0, 1737.396299
95, 134, 229, 0, 1731.828461
87, 143, 230, -1, 1748.852196
88, 142, 230, 1, 1753.040312
89, 141, 230, -1, 1752.935892
90, 140, 230, 1, 1755.129402
91, 139, 230, -1, 1753.036034
92, 138, 230, 1, 1752.812221
93, 137, 230, -1, 1748.408273
94, 136, 230, 1, 1745.930368
87, 144, 231, 0, 1754.329708
88, 143, 231, 0, 1757.411456
89, 142, 231, 0, 1759.082741
90, 141, 231, 0, 1760.247443
91, 140, 231, 0, 1759.856568
92, 139, 231, 0, 1758.692605
93, 138, 231, 0, 1756.092515
94, 137, 231, 0, 1752.625274
87, 145, 232, -1, 1758.408759
88, 144, 232, 1, 1763.202297
89, 143, 232, -1, 1763.762484
90, 142, 232, 1, 1766.687842
91, 141, 232, -1, 1765.405670
92, 140, 232, 1, 1765.960429
94, 138, 232, 1, 1760.644265
87, 146, 233, 0, 1763.632873
88, 145, 233, 0, 1767.436505
89, 144, 233, 0, 1769.680179
90, 143, 233, 0, 1771.474232
91, 142, 233, 0, 1771.934128
92, 141, 233, 0, 1771.722074
93, 140, 233, 0, 1769.910313
94, 139, 233, 0, 1767.024654
96, 137, 233, 0, 1758.218466
88, 146, 234, 1, 1772.911273
89, 145, 234, -1, 1774.218350
90, 144, 234, 1, 1777.664234
91, 143, 234, -1, 1777.155986
92, 142, 234, 1, 1778.567544
93, 141, 234, -1, 1775.975339
94, 140, 234, 1, 1774.797827
96, 138, 234, 1, 1766.860711
89, 146, 235, 0, 1779.773699
90, 145, 235, 0, 1782.330757
91, 144, 235, 0, 1783.277266
92, 143, 235, 0, 1783.865049
93, 142, 235, 0, 1782.958418
94, 141, 235, 0, 1781.036776
95, 140, 235, 0, 1777.812177
89, 147, 236, -1, 1783.981183
90, 146, 236, 1, 1788.164637
91, 145, 236, -1, 1788.303523
92, 144, 236, 1, 1790.410554
93, 143, 236, -1, 1788.694693
94, 142, 236, 1, 1788.388931
96, 140, 236, 1, 1781.872924
90, 147, 237, 0, 1792.536062
91, 146, 237, 0, 1794.181174
92, 145, 237, 0, 1795.536316
93, 144, 237, 0, 1795.272512
94, 143, 237, 0, 1794.270096
96, 141, 237, 0, 1788.549912
98, 139, 237, 0, 1778.294116
91, 147, 238, -1, 1798.886086
92, 146, 238, 1, 1801.690036
93, 145, 238, -1, 1800.760836
94, 144, 238, 1, 1801.269942
95, 143, 238, -1, 1798.229301
96, 142, 238, 1, 1796.423191
92, 147, 239, 0, 1806.496414
93, 146, 239, 0, 1806.975752
94, 145, 239, 0, 1806.916169
95, 144, 239, 0, 1805.331695
96, 143, 239, 0, 1802.792750
92, 148, 240, 1, 1812.424920
93, 147, 240, -1, 1812.041832
94, 146, 240, 1, 1813.450392
95, 145, 240, -1, 1811.283264
96, 144, 240, 1, 1810.286808
98, 142, 240, 1, 1802.457600
93, 148, 241, 0, 1818.114267
94, 147, 241, 0, 1818.691920
95, 146, 241, 0, 1817.930360
96, 145, 241, 0, 1816.380561
93, 149, 242, -1, 1823.083816
94, 148, 242, 1, 1825.001473
95, 147, 242, -1, 1823.467991
96, 146, 242, 1, 1823.349968
98, 144, 242, 1, 1817.201982
94, 149, 243, 0, 1830.035114
95, 148, 243, 0, 1829.832331
96, 147, 243, 0, 1829.043042
97, 146, 243, 0, 1826.753010
94, 150, 244, 1, 1836.054958
95, 149, 244, -1, 1835.199518
96, 148, 244, 1, 1835.844459
97, 147, 244, -1, 1832.800120
98, 146, 244, 1, 1831.253501
94, 151, 245, 0, 1840.754139
95, 150, 245, 0, 1841.249553
96, 149, 245, 0, 1841.363087
97, 148, 245, 0, 1839.771493
98, 147, 245, 0, 1837.417778
94, 152, 246, 1, 1846.608865
96, 150, 246, 1, 1847.822014
97, 149, 246, -1, 1845.689661
98, 148, 246, 1, 1844.784012
99, 147, 246, -1, 1840.273085
100, 146, 246, 1, 1837.118357
96, 151, 247, 0, 1852.977155
97, 150, 247, 0, 1852.238378
98, 149, 247, 0, 1850.836159
99, 148, 247, 0, 1847.584823
96, 152, 248, 1, 1859.188817
97, 151, 248, -1, 1857.668180
98, 150, 248, 1, 1857.778912
100, 148, 248, 1, 1851.554385
96, 153, 249, 0, 1863.902199
97, 152, 249, 0, 1864.024209
98, 151, 249, 0, 1863.365455
100, 149, 249, 0, 1858.004360
101, 148, 249, 0, 1853.560208
96, 154, 250, 1, 1869.734625
97, 153, 250, -1, 1868.989850
98, 152, 250, 1, 1869.989175
100, 150, 250, 1, 1865.522625
101, 149, 250, -1, 1860.413325
96, 155, 251, 0, 1874.147548
97, 154, 251, 0, 1874.785189
98, 153, 251, 0, 1875.095851
99, 152, 251, 0, 1873.936934
100, 151, 251, 0, 1871.707326
101, 150, 251, 0, 1867.917025
98, 154, 252, 1, 1881.267545
99, 153, 252, -1, 1879.225186
100, 152, 252, 1, 1878.920845
101, 151, 252, -1, 1874.487989
102, 150, 252, 1, 1871.301398
98, 155, 253, 0, 1886.071914
99, 154, 253, 0, 1885.580639
100, 153, 253, 0, 1884.463214
102, 151, 253, 0, 1877.885391
103, 150, 253, 0, 1872.938254
98, 156, 254, 1, 1892.103379
99, 155, 254, -1, 1890.668279
100, 154, 254, 1, 1890.977574
102, 152, 254, 1, 1885.592089
103, 151, 254, -1, 1879.887172
99, 156, 255, 0, 1896.644508
100, 155, 255, 0, 1896.150930
101, 154, 255, 0, 1894.326992
102, 153, 255, 0, 1891.574777
103, 152, 255, 0, 1887.657058
100, 156, 256, 1, 1902.537933
102, 154, 256, 1, 1898.634982
103, 153, 256, -1, 1893.929088
104, 152, 256, 1, 1890.671334
100, 157, 257, 0, 1907.503909
101, 156, 257, 0, 1906.319217
102, 155, 257, 0, 1904.282286
104, 153, 257, 0, 1897.098262
105, 152, 257, 0, 1892.028012
101, 157, 258, -1, 1911.692667
104, 154, 258, 1, 1904.691631
105, 153, 258, -1, 1898.745917
102, 157, 259, 0, 1916.592593
105, 154, 259, 0, 1906.333913
106, 154, 260, 1, 1909.066432
104, 157, 261, 0, 1923.931694
106, 155, 261, 0, 1915.680231
107, 154, 261, 0, 1909.823469
106, 156, 262, 1, 1923.387483
107, 155, 262, -1, 1916.722072
108, 156, 264, 1, 1926.771317
108, 157, 265, 0, 1933.505561
108, 158, 266, 1, 1941.337453
109, 157, 266, -1, 1934.022107
110, 159, 269, 0, 1950.291722
110, 160, 270, 1, 1958.516118
