group, agetype, t [yr], L [erg/s], Lmin [erg/s], Lmax [erg/s]
1, 1, 4450, 5e+33, 3.9e+33, 6.1e+33
1, 1, 3750, 5e+32, 1.3e+32, 6e+32
1, 1, 2.05e+04, 2.185e+32, 7.7e+31, 6.2e+32
1, 1, 7000, 1.31e+33, 1.15e+33, 1.8e+33
1, 1, 1.5e+04, 3.674e+33, 1.5e+33, 9e+33
1, 1, 800, 4.9e+33, 4.4e+33, 6.3e+33
1, 1, 1608, 2e+33, 1.7e+33, 2.3e+33
1, 1, 650, 1.18e+34, 1.08e+34, 1.28e+34
1, 1, 4000, 1.08e+34, 7.8e+33, 1.45e+34
1, 1, 3400, 8.4e+33, 4.2e+33, 1.52e+34
1, 1, 6000, 1.04e+34, 8.4e+33, 1.28e+34
1, 1, 326.2, 7.217e+33, 5.6e+33, 9.3e+33
2, 1, 819.5, 1.9e+32, 8e+31, 3.4e+32
2, 1, 7.5e+05, 1.5e+31, 4e+30, 4e+31
2, 1, 3e+04, 1.09e+33, 6.3e+32, 1.36e+33
2, 0, 5.17e+04, 1.9e+32, 1.4e+32, 2.7e+32
2, 1, 3e+04, 2.6e+32, 2.5e+32, 2.7e+32
2, 0, 5.92e+04, 2e+32, 8e+31, 8e+32
2, 0, 3.43e+05, 8.8e+31, 4.9e+31, 1.09e+32
2, 0, 1.11e+05, 3.5e+32, 3.2e+32, 3.8e+32
2, 1, 2.2e+04, 4.24e+32, 4.12e+32, 4.36e+32
2, 1, 1.9e+06, 8e+28, 2e+28, 2.3e+29
2, 0, 5.35e+05, 1e+32, 3e+31, 2e+32
2, 0, 7310, 3.6e+32, 2.9e+32, 4.3e+32
2, 0, 1.75e+04, 7.1e+32, 6e+31, 8.7e+32
2, 0, 1.14e+05, 1.1e+32, 9e+31, 1.6e+32
2, 0, 3.86e+05, 3.1e+32, 2.1e+32, 4.5e+32
2, 0, 2.33e+05, 2.6e+31, 1.7e+31, 3.8e+31
2, 0, 2.14e+04, 4.5e+32, 3.6e+32, 5.4e+32
2, 0, 1.83e+06, 1.4e+30, 7.8e+29, 3e+30
2, 1, 6.4e+04, 1.8e+32, 7e+31, 4.8e+32
2, 0, 8.4e+05, 8.367e+30, 5e+30, 1.4e+31
2, 0, 1.72e+04, 5e+32, 3.5e+32, 7.3e+32
2, 1, 7700, 4.7e+31, 1.2e+31, 8.2e+31
3, 0, 1.86e+05, 4e+32, 3e+32, 8.4e+32
3, 0, 2.86e+04, 7.6e+31, 1.2e+31, 1.8e+32
3, 1, 5650, 1.9e+33, 1.1e+33, 3.8e+33
3, 0, 1560, 9e+33, 7e+33, 1.1e+34
3, 0, 3.32e+04, 4e+32, 2e+32, 9e+32
3, 0, 1.2e+05, 3e+33, 8e+32, 8e+33
4, 0, 1.88e+06, 6e+30, 4e+30, 8e+30
4, 1, 8.5e+05, 1.9e+32, 1.1e+32, 3.2e+32
4, 0, 1.7e+07, 2e+31, 1.6e+31, 2.5e+31
4, 1, 5.5e+05, 3.3e+32, 2.6e+32, 3.8e+32
4, 0, 2.3e+06, 3e+31, 3e+30, 3e+32
4, 1, 4.4e+05, 5.916e+31, 7e+30, 5e+32
4, 1, 4.2e+05, 6.325e+31, 5e+31, 8e+31
4, 0, 3.7e+06, 9.22e+31, 5e+31, 1.7e+32
